숫자, 건설업_공종별_공종, 건설업_직종별_직종명, 건설업_공종별 세부 공정명
1, 아파트, 기본 파일 작업, 기본 파일 자료 및 장비 반입
2, 아파트, 기본 파일 작업, 기초 파일 드릴링
3, 아파트, 기본 파일 작업, 기본 파일 항타
4, 아파트, 기본 파일 작업, 기본 파일 두부 정리
5, 아파트, 발굴작업, 발굴 장비 반입
6, 아파트, 발굴작업, 발굴
7, 아파트, 발굴작업, 굴착 토양 제거
8, 아파트, 폭파작업, 폭파 드릴링
9, 아파트, 폭파작업, 폭발물
10, 아파트, 폭파작업, 폭파
11, 아파트, 폭파작업, 발파 팔 치료
12, 아파트, 폭파작업, 폭파 화약통 관리
13, 아파트, 토양 유지 보 작업, 토사 재료 반입
14, 아파트, 토양 유지 보 작업, 토양 유지 시추공 설치
15, 아파트, 토양 유지 보 작업, 흙막이 구조물 철거
16, 아파트, 토양 유지 보 작업, 흙막이재 반입
17, 아파트, 되메우기 작업, 토양 로딩 및 되메우기
18, 아파트, 되메우기 작업, 되메우기 토양 압축
19, 아파트, 거푸집 공사, 거푸집 자재 반입
20, 아파트, 거푸집 공사,거푸집 조립
21, 아파트, 거푸집 공사, 거푸집 해체
22, 아파트, 거푸집 공사, 거푸집 리프팅
23, 아파트, 갱폼 작업, 갱폼 재료 반입
24, 아파트, 갱폼 작업, 갱폼 조립
25, 아파트, 갱폼 작업, 갱폼 리프팅 및 설치
26, 아파트, 갱폼 작업, 갱폼 분해 및 제거
27, 아파트, 철근 작업, 철근을 들여오는 중
28, 아파트, 철근 작업, 철근 가공 및 운송
29, 아파트, 철근 작업, 철근 조립
30, 아파트, 콘크리트 작업, 콘크리트를 들여왔습니다
31, 아파트, 콘크리트 작업, 콘크리트 타설
32, 아파트, 콘크리트 작업, 콘크리트 경화
33, 아파트, 철강 작업, 철골 부재 반입
34, 아파트, 철강 작업, 강철 구조물인양
35, 아파트, 철강 작업, 스틸 데크 플레이트 설치
36, 아파트, 벽돌공 직, 미장 및 검사작업
37, 아파트, 벽돌공 직, 미장 및 검사작업
38, 아파트, 벽돌공 직, 미장 및 검사작업
39, 아파트, 방수작업, 방수 코튼 마감
40, 아파트, 석재 및 타일 작업, 석재 및 타일 자재 반입
41, 아파트, 석재 및 타일 작업, 돌과 타일 접착
42, 아파트, 석재 및 타일 작업, 석재 및 타일 그라우트
43, 아파트, 그림 작업, 페인트 표면 처리
44, 아파트, 그림 작업, 실내 그림
45, 아파트, 그림 작업, 야외 그림
46, 아파트, 금속 및 기타 작업, 금속 및 기타 자재 반입
47, 아파트, 금속 및 기타 작업,금속 및 기타 금속 건축
48, 아파트, 창문 및 유리 작업," 창호, 유리 소재 반입"
49, 아파트, 창문 및 유리 작업, 창문 및 유리 설치
50, 아파트, 물 저장 작업, 재료를 머리로 가져오기
51, 아파트, 물 저장 작업, 수도공사(석고보드)
52, 아파트, 전기설비공사, 전기 장비 자재 반입
53, 아파트, 전기설비공사, 전기 장비 배선
54, 아파트, 전기설비공사, 전기 장비 설치
55, 아파트, 전기설비공사, 전기특수고압선
56, 아파트, 기계설비공사, 기계 장비 자재 반입
57, 아파트, 기계설비공사, 기계 장비 설치
58, 아파트, 엘리베이터 설치공사, 엘리베이터 기계 설치
59, 아파트, 엘리베이터 설치공사, 엘리베이터 해치 어셈블리
60, 아파트, 엘리베이터 설치공사, 엘리베이터 가이드 레일 설치
61, 아파트, 맨홀 및 배관 부설공사, 맨홀 및 파이프 부설 굴착
62, 아파트, 맨홀 및 배관 부설공사, 맨홀 및 파이프 부설
63, 아파트, 조경 작업, 조경 현장 준비
64, 아파트, 조경 작업, 조경공사 및 설치
65, 아파트, 부수적인 토목공사,보조토목옹벽공사
66, 아파트, 부수적인 토목공사, 부수적인 토목 공학 및 현장 포장
67, 아파트, 임시 도로 공사, 임시 도로 벌목 및 표토 제거
68, 아파트, 임시 도로 공사, 임시 도로 건설
69, 아파트, 장애물 조사 및 이전 작업, 장애물 조사 및 발굴
70, 아파트, 장애물 조사 및 이전 작업, 장애물 보호
71, 아파트, 장애물 조사 및 이전 작업, 장애물 재배치
72, 아파트, 장애물 조사 및 이전 작업, 장애물 메우기
73, 아파트, 그라우팅 작업, 그라우팅 장비 및 자재 반입
74, 아파트, 그라우팅 작업, 그라우팅 드릴링 및 건설
75, 아파트, 업무 환경, 작업환경(조명)
76, 아파트, 업무 환경, 작업환경(환기)
77, 아파트, 업무 환경, 작업환경(먼지)
78, 아파트, 업무 환경, 작업환경(배수)
79, 아파트, 안전한 임시시설 작업, 열리는
80, 아파트, 안전한 임시시설 작업, 작업 플랫폼
81, 아파트, 안전한 임시시설 작업, 지방
82, 아파트, 안전한 임시시설 작업, 모바일 비계
83, 아파트, 안전한 임시시설 작업, 달 비계
84, 아파트, 안전한 임시시설 작업, 달 대 달
85, 아파트, 안전한 임시시설 작업, 전도방지망
86, 아파트, 안전한 임시시설 작업, 임시 경사로
87, 아파트, 안전한 임시시설 작업, 임시 통로 또는 계단
88, 아파트, 안전한 임시시설 작업, 발굴팁
89, 아파트, 안전한 임시시설 작업, 휴대용 사다리
90, 아파트, 안전한 임시시설 작업, 강철 리프팅 트랩
91, 아파트, 안전한 임시시설 작업, 경사진 지붕
92, 아파트, 안전한 임시시설 작업,리프트 출입문
93, 아파트, 안전한 임시시설 작업, 낙하물 방지망
94, 아파트, 안전한 임시시설 작업, 보호 선반
95, 아파트, 임시전기공사, 유통 장비
96, 아파트, 임시전기공사, 배전반
97, 아파트, 임시전기공사, 철사
98, 아파트, 임시전기공사, 충전부
99, 아파트, 임시전기공사, 등
100, 아파트, 임시전기공사, AC 아크 용접기
101, 아파트, 임시전기공사, 이동석전기
102, 아파트, 임시전기공사, 접지 연결
103, 아파트, 리프팅 기계 작업, 타워 크레인
104, 아파트, 리프팅 기계 작업, 승강기
105, 아파트, 리프팅 기계 작업, 모바일 크레인
106, 아파트, 리프팅 기계 작업, 곤돌라
107, 아파트, 리프팅 기계 작업, 윈치
108, 아파트, 리프팅 기계 작업, 특별한 작업대
109, 아파트, 위험한 기계 작업, 목재 가공용 원형톱
110, 아파트, 위험한 기계 작업, 연삭기
111, 아파트, 위험한 기계 작업, 공기 압축기
112, 아파트, 위험한 기계 작업, 휴대용 발전기
113, 아파트, 위험한 기계 작업, 철근 절단기 및 벤더
114, 아파트, 위험한 기계 작업, 그라우팅 장비
115, 아파트, 위험한 기계 작업, 모르타르 믹서
116, 아파트, 위험한 기계 작업, 열기 송풍기
117, 건물, 기본 파일 작업, 기본 파일 자료 및 장비 반입
118, 건물, 기본 파일 작업, 기초 파일 드릴링
119, 건물, 기본 파일 작업, 기본 파일 항타
120, 건물, 기본 파일 작업, 기본 파일 두부 정리
121, 건물, 발굴작업, 발굴 장비 반입
122, 건물, 발굴작업, 발굴
123, 건물, 발굴작업, 굴착 토양 제거
124, 건물, 폭파작업, 폭파 드릴링
125, 건물, 폭파작업, 폭발물
126, 건물, 폭파작업, 폭파
127, 건물, 폭파작업, 발파 팔 치료
128, 건물, 폭파작업, 폭파 화약통 관리
129, 건물, 토양 유지 보 작업, 토사 재료 반입
130, 건물, 토양 유지 보 작업, 토양 유지 시추공 설치
131, 건물, 토양 유지 보 작업, 흙막이 구조물 철거
132, 건물, 토양 유지 보 작업, 흙막이재 반입
133, 건물, 되메우기 작업, 토양 로딩 및 되메우기
134, 건물, 되메우기 작업, 되메우기 토양 압축
135, 건물, 거푸집 공사, 거푸집 자재 반입
136, 건물, 거푸집 공사,거푸집 조립
137, 건물, 거푸집 공사, 거푸집 해체
138, 건물, 거푸집 공사, 거푸집 리프팅
139, 건물, 철근 작업, 철근을 들여오는 중
140, 건물, 철근 작업, 철근 가공 및 운송
141, 건물, 철근 작업, 철근 조립
142, 건물, 콘크리트 작업, 콘크리트를 들여왔습니다
143, 건물, 콘크리트 작업, 콘크리트 타설
144, 건물, 콘크리트 작업, 콘크리트 경화
145, 건물, 철강 작업, 철골 부재 반입
146, 건물, 철강 작업, 강철 구조물인양
147, 건물, 철강 작업, 스틸 데크 플레이트 설치
148, 건물, 벽돌공 직, 미장 및 검사작업
149, 건물, 벽돌공 직, 미장 및 검사작업
150, 건물, 벽돌공 직, 미장 및 검사작업
151, 건물, 방수작업, 방수 코튼 마감
152, 건물, 석재 및 타일 작업, 석재 및 타일 자재 반입
153, 건물, 석재 및 타일 작업, 돌과 타일 접착
154, 건물, 석재 및 타일 작업, 석재 및 타일 그라우트
155, 건물, 그림 작업, 페인트 표면 처리
156, 건물, 그림 작업, 실내 그림
157, 건물, 그림 작업, 야외 그림
158, 건물, 금속 및 기타 작업, 금속 및 기타 자재 반입
159, 건물, 금속 및 기타 작업,금속 및 기타 금속 건축
160, 건물, 창문 및 유리 작업," 창호, 유리 소재 반입"
161, 건물, 창문 및 유리 작업, 창문 및 유리 설치
162, 건물, 물 저장 작업, 재료를 머리로 가져오기
163, 건물, 물 저장 작업, 수도공사(석고보드)
164, 건물, 패널 등 외부 마감공사, 패널 등 외장마감재 반입
165, 건물, 패널 등 외부 마감공사, 패널 등 외장마감공사
166, 건물, 전기설비공사, 전기 장비 자재 반입
167, 건물, 전기설비공사, 전기 장비 배선
168, 건물, 전기설비공사, 전기 장비 설치
169, 건물, 전기설비공사, 전기특수고압선
170, 건물, 기계설비공사, 기계 장비 자재 반입
171, 건물, 기계설비공사, 기계 장비 설치
172, 건물, 엘리베이터 설치공사, 엘리베이터 기계 설치
173, 건물, 엘리베이터 설치공사, 엘리베이터 해치 어셈블리
174, 건물, 엘리베이터 설치공사, 엘리베이터 가이드 레일 설치
175, 건물, 맨홀 및 배관 부설공사, 맨홀 및 파이프 부설 굴착
176, 건물, 맨홀 및 배관 부설공사, 맨홀 및 파이프 부설
177, 건물, 조경 작업, 조경 현장 준비
178, 건물, 조경 작업, 조경공사 및 설치
179, 건물, 부수적인 토목공사,보조토목옹벽공사
180, 건물, 부수적인 토목공사, 부수적인 토목 공학 및 현장 포장
181, 건물, 장애물 조사 및 이전 작업, 장애물 조사 및 발굴
182, 건물, 장애물 조사 및 이전 작업, 장애물 보호
183, 건물, 장애물 조사 및 이전 작업, 장애물 재배치
184, 건물, 장애물 조사 및 이전 작업, 장애물 메우기
185, 건물, 그라우팅 작업, 그라우팅 장비 및 자재 반입
186, 건물, 그라우팅 작업, 그라우팅 드릴링 및 건설
187, 건물, 업무 환경, 작업환경(조명)
188, 건물, 업무 환경, 작업환경(환기)
189, 건물, 업무 환경, 작업환경(먼지)
190, 건물, 업무 환경, 작업환경(배수)
191, 건물, 안전한 임시시설 작업, 열리는
192, 건물, 안전한 임시시설 작업, 작업 플랫폼
193, 건물, 안전한 임시시설 작업, 지방
194, 건물, 안전한 임시시설 작업, 모바일 비계
195, 건물, 안전한 임시시설 작업, 달 비계
196, 건물, 안전한 임시시설 작업, 달 대 달
197, 건물, 안전한 임시시설 작업, 전도방지망
198, 건물, 안전한 임시시설 작업, 임시 경사로
199, 건물, 안전한 임시시설 작업, 임시 통로 또는 계단
200, 건물, 안전한 임시시설 작업, 발굴팁
201, 건물, 안전한 임시시설 작업, 휴대용 사다리
202, 건물, 안전한 임시시설 작업, 강철 리프팅 트랩
203, 건물, 안전한 임시시설 작업, 경사진 지붕
204, 건물, 안전한 임시시설 작업,리프트 출입문
205, 건물, 안전한 임시시설 작업, 낙하물 방지망
206, 건물, 안전한 임시시설 작업, 보호 선반
207, 건물, 임시전기공사, 유통 장비
208, 건물, 임시전기공사, 배전반
209, 건물, 임시전기공사, 철사
210, 건물, 임시전기공사, 충전부
211, 건물, 임시전기공사, 등
212, 건물, 임시전기공사, AC 아크 용접기
213, 건물, 임시전기공사, 이동석전기
214, 건물, 임시전기공사, 접지 연결
215, 건물, 리프팅 기계 작업, 타워 크레인
216, 건물, 리프팅 기계 작업, 승강기
217, 건물, 리프팅 기계 작업, 모바일 크레인
218, 건물, 리프팅 기계 작업, 곤돌라
219, 건물, 리프팅 기계 작업, 윈치
220, 건물, 리프팅 기계 작업, 특별한 작업대
221, 건물, 위험한 기계 작업, 목재 가공용 원형톱
222, 건물, 위험한 기계 작업, 연삭기
223, 건물, 위험한 기계 작업, 공기 압축기
224, 건물, 위험한 기계 작업, 휴대용 발전기
225, 건물, 위험한 기계 작업, 철근 절단기 및 벤더
226, 건물, 위험한 기계 작업, 그라우팅 장비
227, 건물, 위험한 기계 작업, 모르타르 믹서
228, 건물, 위험한 기계 작업, 열기 송풍기
229, 다리와 도로, 기본 파일 작업, 기본 파일 자료 및 장비 반입
230, 다리와 도로, 기본 파일 작업, 기초 파일 드릴링
231, 다리와 도로, 기본 파일 작업, 기본 파일 항타
232, 다리와 도로, 기본 파일 작업, 기본 파일 두부 정리
233, 다리와 도로, 발굴작업, 발굴 장비 반입
234, 다리와 도로, 발굴작업, 발굴
235, 다리와 도로, 발굴작업, 굴착 토양 제거
236, 다리와 도로, 폭파작업, 폭파 드릴링
237, 다리와 도로, 폭파작업, 폭발물
238, 다리와 도로, 폭파작업, 폭파
239, 다리와 도로, 폭파작업, 발파 팔 치료
240, 다리와 도로, 폭파작업, 폭파 화약통 관리
241, 다리와 도로, 토양 유지 보 작업, 토사 재료 반입
242, 다리와 도로, 토양 유지 보 작업, 토양 유지 시추공 설치
243, 다리와 도로, 토양 유지 보 작업, 흙막이 구조물 철거
244, 다리와 도로, 토양 유지 보 작업, 흙막이재 반입
245, 다리와 도로, 되메우기 작업, 토양 로딩 및 되메우기
246, 다리와 도로, 되메우기 작업, 되메우기 토양 압축
247, 다리와 도로, 거푸집 공사, 거푸집 자재 반입
248, 다리와 도로, 거푸집 공사,거푸집 조립
249, 다리와 도로, 거푸집 공사, 거푸집 해체
250, 다리와 도로, 거푸집 공사, 거푸집 리프팅
251, 다리와 도로, 철근 작업, 철근을 들여오는 중
252, 다리와 도로, 철근 작업, 철근 가공 및 운송
253, 다리와 도로, 철근 작업, 철근 조립
254, 다리와 도로, 콘크리트 작업, 콘크리트를 들여왔습니다
255, 다리와 도로, 콘크리트 작업, 콘크리트 타설
256, 다리와 도로, 콘크리트 작업, 콘크리트 경화
257, 다리와 도로, 부수적인 토목공사,보조토목옹벽공사
258, 다리와 도로, 부수적인 토목공사, 부수적인 토목 공학 및 현장 포장
259, 다리와 도로, 임시 도로 공사, 임시 도로 벌목 및 표토 제거
260, 다리와 도로, 임시 도로 공사, 임시 도로 건설
261, 다리와 도로, 장애물 조사 및 이전 작업, 장애물 조사 및 발굴
262, 다리와 도로, 장애물 조사 및 이전 작업, 장애물 보호
263, 다리와 도로, 장애물 조사 및 이전 작업, 장애물 재배치
264, 다리와 도로, 장애물 조사 및 이전 작업, 장애물 메우기
265, 다리와 도로, 제조현장 설치공사, 생산현장 현장 준비
266, 다리와 도로, 제조현장 설치공사, 제작공장 설치
267, 다리와 도로,슬립폼 작업, 슬립폼(슬라이딩폼) 제작
268, 다리와 도로,슬립폼 작업, 슬립폼(슬라이딩폼) 리프팅
269, 다리와 도로,슬립폼 작업, 슬립폼(슬라이딩폼) 분해
270, 다리와 도로, 케이슨 작업, 케이슨 제작
271, 다리와 도로, 케이슨 작업, 케이슨 운송 및 설치
272, 다리와 도로, 케이슨 작업, 케이슨의 내부 몸체
273, 다리와 도로, 철교설치공사, 강철교량 부재 투입
274, 다리와 도로, 철교설치공사, 강교부재 운송
275, 다리와 도로, 철교설치공사, 강철 교량 부재 조립
276, 다리와 도로, 철교설치공사, 강철 교량 슬래브 건설
277, 다리와 도로, PSC 교량공사, PSC 교량거더 제작
278, 다리와 도로, PSC 교량공사, PSC 교량 거더의 리프팅 및 로딩
279, 다리와 도로, PSC 교량공사, PSC 교량 거더 운송
280, 다리와 도로, PSC 교량공사, PSC 교량 거더의 리프팅 및 장착
281, 다리와 도로, PSC 교량공사, PSC 교량 가로보 설치
282, 다리와 도로, PSC 교량공사, PSC 교량 슬래브 건설
283, 다리와 도로, 포장작업, 포장장비 반입
284, 다리와 도로, 포장작업, 포장공사
285, 다리와 도로, 부설 및 다짐작업, 누워서 압축
286, 다리와 도로, 특수교량공사, 특수교량(FCM 방식)
287, 다리와 도로, 특수교량공사, 특수교량(MSS방식)
288, 다리와 도로, 특수교량공사,특수교량(ILM 방식)
289, 다리와 도로, 특수교량공사, 특수교(사장교)
290, 다리와 도로, 특수교량공사, 특수교(현수교)
291, 다리와 도로, 부분 분할 작업, 물 차단 장비를 가져오세요
292, 다리와 도로, 부분 분할 작업, 가채(물 차단) 흙막이 공사
293, 다리와 도로, 임시 공장 작업, 임시공장(콘크리트 배치공장)
294, 다리와 도로, 임시 공장 작업, 임시공장(숏크리트)
295, 다리와 도로, 임시 공장 작업, 임시공장(크라샤공장)
296, 다리와 도로, 업무 환경, 작업환경(조명)
297, 다리와 도로, 업무 환경, 작업환경(환기)
298, 다리와 도로, 업무 환경, 작업환경(먼지)
299, 다리와 도로, 업무 환경, 작업환경(배수)
300, 다리와 도로, 안전한 임시시설 작업, 열리는
301, 다리와 도로, 안전한 임시시설 작업, 작업 플랫폼
302, 다리와 도로, 안전한 임시시설 작업, 지방
303, 다리와 도로, 안전한 임시시설 작업, 모바일 비계
304, 다리와 도로, 안전한 임시시설 작업, 달 비계
305, 다리와 도로, 안전한 임시시설 작업, 달 대 달
306, 다리와 도로, 안전한 임시시설 작업, 전도방지망
307, 다리와 도로, 안전한 임시시설 작업, 임시 경사로
308, 다리와 도로, 안전한 임시시설 작업, 임시 통로 또는 계단
309, 다리와 도로, 안전한 임시시설 작업, 발굴팁
310, 다리와 도로, 안전한 임시시설 작업, 휴대용 사다리
311, 다리와 도로, 안전한 임시시설 작업, 강철 리프팅 트랩
312, 다리와 도로, 안전한 임시시설 작업, 경사진 지붕
313, 다리와 도로, 안전한 임시시설 작업,리프트 출입문
314, 다리와 도로, 안전한 임시시설 작업, 낙하물 방지망
315, 다리와 도로, 안전한 임시시설 작업, 보호 선반
316, 다리와 도로, 임시전기공사, 유통 장비
317, 다리와 도로, 임시전기공사, 배전반
318, 다리와 도로, 임시전기공사, 철사
319, 다리와 도로, 임시전기공사, 충전부
320, 다리와 도로, 임시전기공사, 등
321, 다리와 도로, 임시전기공사, AC 아크 용접기
322, 다리와 도로, 임시전기공사, 이동석전기
323, 다리와 도로, 임시전기공사, 접지 연결
324, 다리와 도로, 리프팅 기계 작업, 타워 크레인
325, 다리와 도로, 리프팅 기계 작업, 승강기
326, 다리와 도로, 리프팅 기계 작업, 모바일 크레인
327, 다리와 도로, 리프팅 기계 작업, 곤돌라
328, 다리와 도로, 리프팅 기계 작업, 윈치
329, 다리와 도로, 리프팅 기계 작업, 특별한 작업대
330, 다리와 도로, 위험한 기계 작업, 목재 가공용 원형톱
331, 다리와 도로, 위험한 기계 작업, 연삭기
332, 다리와 도로, 위험한 기계 작업, 공기 압축기
333, 다리와 도로, 위험한 기계 작업, 휴대용 발전기
334, 다리와 도로, 위험한 기계 작업, 철근 절단기 및 벤더
335, 다리와 도로, 위험한 기계 작업, 그라우팅 장비
336, 다리와 도로, 위험한 기계 작업, 모르타르 믹서
337, 다리와 도로, 위험한 기계 작업, 열기 송풍기
338, 터널, 발굴작업, 발굴 장비 반입
339, 터널, 발굴작업, 발굴
340, 터널, 발굴작업, 굴착 토양 제거
341, 터널, 폭파작업, 폭파 드릴링
342, 터널, 폭파작업, 폭발물
343, 터널, 폭파작업, 폭파
344, 터널, 폭파작업, 발파 팔 치료
345, 터널, 폭파작업, 폭파 화약통 관리
346, 터널, 안감 거푸집 작업, 라이닝 폼 소재 반입
347, 터널, 안감 거푸집 작업, 라이닝 거푸집 설치
348, 터널, 안감 거푸집 작업, 라이닝 거푸집 분해
349, 터널, 철근 작업, 철근을 들여오는 중
350, 터널, 철근 작업, 철근 가공 및 운송
351, 터널, 철근 작업, 철근 조립
352, 터널, 콘크리트 작업, 콘크리트를 들여왔습니다
353, 터널, 콘크리트 작업, 콘크리트 타설
354, 터널, 콘크리트 작업, 콘크리트 경화
355, 터널, 부수적인 토목공사,보조토목옹벽공사
356, 터널, 부수적인 토목공사, 부수적인 토목 공학 및 현장 포장
357, 터널, 임시 도로 공사, 임시 도로 벌목 및 표토 제거
358, 터널, 임시 도로 공사, 임시 도로 건설
359, 터널, 수직 구 작업, 수직 보강
360, 터널, 수직 구 작업, 수직 구덩이 굴착
361, 터널, 수직 구 작업, 수직터널 흙제거
362, 터널, 수직 구 작업, 수직터널 흙막이 보강공사
363, 터널, 샤프트 작업, 수갱 벌목 및 표토 제거
364, 터널, 샤프트 작업, 샤프트 보강
365, 터널, 터널 굴착 작업, 터널 드릴링
366, 터널, 터널 굴착 작업, 터널 요금
367, 터널, 터널 굴착 작업, 터널 폭파
368, 터널, 터널 굴착 작업, 터널 쓰레기 처리
369, 터널, 터널보강공사, 터널 대들보
370, 터널, 터널보강공사,터널 숏크리트
371, 터널, 터널보강공사, 터널 락 볼트
372, 터널, 터널보강공사, 터널 특수보강
373, 터널, 터널 방수공사, 터널 방수시트 설치
374, 터널, 터널 배수공사, 터널 배수
375, 터널, 특수터널공사, 특수터널(TBM 방식)
376, 터널, 특수터널공사, 스페셜터널(Shield 공법)
377, 터널, 그라우팅 작업, 그라우팅 장비 및 자재 반입
378, 터널, 그라우팅 작업, 그라우팅 드릴링 및 건설
379, 터널, 임시 공장 작업, 임시공장(콘크리트 배치공장)
380, 터널, 임시 공장 작업, 임시공장(숏크리트)
381, 터널, 임시 공장 작업, 임시공장(크라샤공장)
382, 터널, 업무 환경, 작업환경(조명)
383, 터널, 업무 환경, 작업환경(환기)
384, 터널, 업무 환경, 작업환경(먼지)
385, 터널, 업무 환경, 작업환경(배수)
386, 터널, 안전한 임시시설 작업, 열리는
387, 터널, 안전한 임시시설 작업, 작업 플랫폼
388, 터널, 안전한 임시시설 작업, 지방
389, 터널, 안전한 임시시설 작업, 모바일 비계
390, 터널, 안전한 임시시설 작업, 달 비계
391, 터널, 안전한 임시시설 작업, 달 대 달
392, 터널, 안전한 임시시설 작업, 전도방지망
393, 터널, 안전한 임시시설 작업, 임시 경사로
394, 터널, 안전한 임시시설 작업, 임시 통로 또는 계단
395, 터널, 안전한 임시시설 작업, 발굴팁
396, 터널, 안전한 임시시설 작업, 휴대용 사다리
397, 터널, 안전한 임시시설 작업, 강철 리프팅 트랩
398, 터널, 안전한 임시시설 작업, 경사진 지붕
399, 터널, 안전한 임시시설 작업,리프트 출입문
400, 터널, 안전한 임시시설 작업, 낙하물 방지망
401, 터널, 안전한 임시시설 작업, 보호 선반
402, 터널, 임시전기공사, 유통 장비
403, 터널, 임시전기공사, 배전반
404, 터널, 임시전기공사, 철사
405, 터널, 임시전기공사, 충전부
406, 터널, 임시전기공사, 등
407, 터널, 임시전기공사, AC 아크 용접기
408, 터널, 임시전기공사, 이동석전기
409, 터널, 임시전기공사, 접지 연결
410, 터널, 리프팅 기계 작업, 타워 크레인
411, 터널, 리프팅 기계 작업, 승강기
412, 터널, 리프팅 기계 작업, 모바일 크레인
413, 터널, 리프팅 기계 작업, 곤돌라
414, 터널, 리프팅 기계 작업, 윈치
415, 터널, 리프팅 기계 작업, 특별한 작업대
416, 터널, 위험한 기계 작업, 목재 가공용 원형톱
417, 터널, 위험한 기계 작업, 연삭기
418, 터널, 위험한 기계 작업, 공기 압축기
419, 터널, 위험한 기계 작업, 휴대용 발전기
420, 터널, 위험한 기계 작업, 철근 절단기 및 벤더
421, 터널, 위험한 기계 작업, 그라우팅 장비
422, 터널, 위험한 기계 작업, 모르타르 믹서
423, 터널, 위험한 기계 작업, 열기 송풍기
424, 지하철, 기본 파일 작업, 기본 파일 자료 및 장비 반입
425, 지하철, 기본 파일 작업, 기초 파일 드릴링
426, 지하철, 기본 파일 작업, 기본 파일 항타
427, 지하철, 기본 파일 작업, 기본 파일 두부 정리
428, 지하철, 발굴작업, 발굴 장비 반입
429, 지하철, 발굴작업, 발굴
430, 지하철, 발굴작업, 굴착 토양 제거
431, 지하철, 폭파작업, 폭파 드릴링
432, 지하철, 폭파작업, 폭발물
433, 지하철, 폭파작업, 폭파
434, 지하철, 폭파작업, 발파 팔 치료
435, 지하철, 폭파작업, 폭파 화약통 관리
436, 지하철, 토양 유지 보 작업, 토사 재료 반입
437, 지하철, 토양 유지 보 작업, 토양 유지 시추공 설치
438, 지하철, 토양 유지 보 작업, 흙막이 구조물 철거
439, 지하철, 토양 유지 보 작업, 흙막이재 반입
440, 지하철, 되메우기 작업, 토양 로딩 및 되메우기
441, 지하철, 되메우기 작업, 되메우기 토양 압축
442, 지하철, 거푸집 공사, 거푸집 자재 반입
443, 지하철, 거푸집 공사,거푸집 조립
444, 지하철, 거푸집 공사, 거푸집 해체
445, 지하철, 거푸집 공사, 거푸집 리프팅
446, 지하철, 안감 거푸집 작업, 라이닝 폼 소재 반입
447, 지하철, 안감 거푸집 작업, 라이닝 거푸집 설치
448, 지하철, 안감 거푸집 작업, 라이닝 거푸집 분해
449, 지하철, 철근 작업, 철근을 들여오는 중
450, 지하철, 철근 작업, 철근 가공 및 운송
451, 지하철, 철근 작업, 철근 조립
452, 지하철, 콘크리트 작업, 콘크리트를 들여왔습니다
453, 지하철, 콘크리트 작업, 콘크리트 타설
454, 지하철, 콘크리트 작업, 콘크리트 경화
455, 지하철, 벽돌공 직, 미장 및 검사작업
456, 지하철, 벽돌공 직, 미장 및 검사작업
457, 지하철, 벽돌공 직, 미장 및 검사작업
458, 지하철, 방수작업, 방수 코튼 마감
459, 지하철, 석재 및 타일 작업, 석재 및 타일 자재 반입
460, 지하철, 석재 및 타일 작업, 돌과 타일 접착
461, 지하철, 석재 및 타일 작업, 석재 및 타일 그라우트
462, 지하철, 그림 작업, 페인트 표면 처리
463, 지하철, 그림 작업, 실내 그림
464, 지하철, 그림 작업, 야외 그림
465, 지하철, 금속 및 기타 작업, 금속 및 기타 자재 반입
466, 지하철, 금속 및 기타 작업,금속 및 기타 금속 건축
467, 지하철, 창문 및 유리 작업," 창호, 유리 소재 반입"
468, 지하철, 창문 및 유리 작업, 창문 및 유리 설치
469, 지하철, 패널 등 외부 마감공사, 패널 등 외장마감재 반입
470, 지하철, 패널 등 외부 마감공사, 패널 등 외장마감공사
471, 지하철, 전기설비공사, 전기 장비 자재 반입
472, 지하철, 전기설비공사, 전기 장비 배선
473, 지하철, 전기설비공사, 전기 장비 설치
474, 지하철, 전기설비공사, 전기특수고압선
475, 지하철, 기계설비공사, 기계 장비 자재 반입
476, 지하철, 기계설비공사, 기계 장비 설치
477, 지하철, 엘리베이터 설치공사, 엘리베이터 기계 설치
478, 지하철, 엘리베이터 설치공사, 엘리베이터 해치 어셈블리
479, 지하철, 엘리베이터 설치공사, 엘리베이터 가이드 레일 설치
480, 지하철, 맨홀 및 배관 부설공사, 맨홀 및 파이프 부설 굴착
481, 지하철, 맨홀 및 배관 부설공사, 맨홀 및 파이프 부설
482, 지하철, 조경 작업, 조경 현장 준비
483, 지하철, 조경 작업, 조경공사 및 설치
484, 지하철, 부수적인 토목공사,보조토목옹벽공사
485, 지하철, 부수적인 토목공사, 부수적인 토목 공학 및 현장 포장
486, 지하철, 장애물 조사 및 이전 작업, 장애물 조사 및 발굴
487, 지하철, 장애물 조사 및 이전 작업, 장애물 보호
488, 지하철, 장애물 조사 및 이전 작업, 장애물 재배치
489, 지하철, 장애물 조사 및 이전 작업, 장애물 메우기
490, 지하철, 수직 구 작업, 수직 보강
491, 지하철, 수직 구 작업, 수직 구덩이 굴착
492, 지하철, 수직 구 작업, 수직터널 흙제거
493, 지하철, 수직 구 작업, 수직터널 흙막이 보강공사
494, 지하철, 터널 굴착 작업, 터널 드릴링
495, 지하철, 터널 굴착 작업, 터널 요금
496, 지하철, 터널 굴착 작업, 터널 폭파
497, 지하철, 터널 굴착 작업, 터널 쓰레기 처리
498, 지하철, 터널보강공사, 터널 대들보
499, 지하철, 터널보강공사,터널 숏크리트
500, 지하철, 터널보강공사, 터널 락 볼트
501, 지하철, 터널보강공사, 터널 특수보강
502, 지하철, 터널 방수공사, 터널 방수시트 설치
503, 지하철, 터널 배수공사, 터널 배수
504, 지하철, 특수터널공사, 특수터널(TBM 방식)
505, 지하철, 특수터널공사, 스페셜터널(Shield 공법)
506, 지하철, 임시 공장 작업, 임시공장(콘크리트 배치공장)
507, 지하철, 임시 공장 작업, 임시공장(숏크리트)
508, 지하철, 임시 공장 작업, 임시공장(크라샤공장)
509, 지하철, 업무 환경, 작업환경(조명)
510, 지하철, 업무 환경, 작업환경(환기)
511, 지하철, 업무 환경, 작업환경(먼지)
512, 지하철, 업무 환경, 작업환경(배수)
513, 지하철, 안전한 임시시설 작업, 열리는
514, 지하철, 안전한 임시시설 작업, 작업 플랫폼
515, 지하철, 안전한 임시시설 작업, 지방
516, 지하철, 안전한 임시시설 작업, 모바일 비계
517, 지하철, 안전한 임시시설 작업, 달 비계
518, 지하철, 안전한 임시시설 작업, 달 대 달
519, 지하철, 안전한 임시시설 작업, 전도방지망
520, 지하철, 안전한 임시시설 작업, 임시 경사로
521, 지하철, 안전한 임시시설 작업, 임시 통로 또는 계단
522, 지하철, 안전한 임시시설 작업, 발굴팁
523, 지하철, 안전한 임시시설 작업, 휴대용 사다리
524, 지하철, 안전한 임시시설 작업, 강철 리프팅 트랩
525, 지하철, 안전한 임시시설 작업, 경사진 지붕
526, 지하철, 안전한 임시시설 작업,리프트 출입문
527, 지하철, 안전한 임시시설 작업, 낙하물 방지망
528, 지하철, 안전한 임시시설 작업, 보호 선반
529, 지하철, 임시전기공사, 유통 장비
530, 지하철, 임시전기공사, 배전반
531, 지하철, 임시전기공사, 철사
532, 지하철, 임시전기공사, 충전부
533, 지하철, 임시전기공사, 등
534, 지하철, 임시전기공사, AC 아크 용접기
535, 지하철, 임시전기공사, 이동석전기
536, 지하철, 임시전기공사, 접지 연결
537, 지하철, 리프팅 기계 작업, 타워 크레인
538, 지하철, 리프팅 기계 작업, 승강기
539, 지하철, 리프팅 기계 작업, 모바일 크레인
540, 지하철, 리프팅 기계 작업, 곤돌라
541, 지하철, 리프팅 기계 작업, 윈치
542, 지하철, 리프팅 기계 작업, 특별한 작업대
543, 지하철, 위험한 기계 작업, 목재 가공용 원형톱
544, 지하철, 위험한 기계 작업, 연삭기
545, 지하철, 위험한 기계 작업, 공기 압축기
546, 지하철, 위험한 기계 작업, 휴대용 발전기
547, 지하철, 위험한 기계 작업, 철근 절단기 및 벤더
548, 지하철, 위험한 기계 작업, 그라우팅 장비
549, 지하철, 위험한 기계 작업, 모르타르 믹서
550, 지하철, 위험한 기계 작업, 열기 송풍기
551, 댐, 발굴작업, 발굴 장비 반입
552, 댐, 발굴작업, 발굴
553, 댐, 발굴작업, 굴착 토양 제거
554, 댐, 폭파작업, 폭파 드릴링
555, 댐, 폭파작업, 폭발물
556, 댐, 폭파작업, 폭파
557, 댐, 폭파작업, 발파 팔 치료
558, 댐, 폭파작업, 폭파 화약통 관리
559, 댐, 되메우기 작업, 토양 로딩 및 되메우기
560, 댐, 되메우기 작업, 되메우기 토양 압축
561, 댐, 거푸집 공사, 거푸집 자재 반입
562, 댐, 거푸집 공사,거푸집 조립
563, 댐, 거푸집 공사, 거푸집 해체
564, 댐, 거푸집 공사, 거푸집 리프팅
565, 댐, 철근 작업, 철근을 들여오는 중
566, 댐, 철근 작업, 철근 가공 및 운송
567, 댐, 철근 작업, 철근 조립
568, 댐, 콘크리트 작업, 콘크리트를 들여왔습니다
569, 댐, 콘크리트 작업, 콘크리트 타설
570, 댐, 콘크리트 작업, 콘크리트 경화
571, 댐, 기계설비공사, 기계 장비 자재 반입
572, 댐, 기계설비공사, 기계 장비 설치
573, 댐, 조경 작업, 조경 현장 준비
574, 댐, 조경 작업, 조경공사 및 설치
575, 댐, 부수적인 토목공사,보조토목옹벽공사
576, 댐, 부수적인 토목공사, 부수적인 토목 공학 및 현장 포장
577, 댐, 임시 도로 공사, 임시 도로 벌목 및 표토 제거
578, 댐, 임시 도로 공사, 임시 도로 건설
579, 댐, 부분 분할 작업, 물 차단 장비를 가져오세요
580, 댐, 부분 분할 작업, 가채(물 차단) 흙막이 공사
581, 댐, 조각조각, 특수보호관(양수발전용 저수지)
582, 댐, 임시 공장 작업, 임시공장(콘크리트 배치공장)
583, 댐, 임시 공장 작업, 임시공장(숏크리트)
584, 댐, 임시 공장 작업, 임시공장(크라샤공장)
585, 댐, 업무 환경, 작업환경(조명)
586, 댐, 업무 환경, 작업환경(환기)
587, 댐, 업무 환경, 작업환경(먼지)
588, 댐, 업무 환경, 작업환경(배수)
589, 댐, 안전한 임시시설 작업, 열리는
590, 댐, 안전한 임시시설 작업, 작업 플랫폼
591, 댐, 안전한 임시시설 작업, 지방
592, 댐, 안전한 임시시설 작업, 모바일 비계
593, 댐, 안전한 임시시설 작업, 달 비계
594, 댐, 안전한 임시시설 작업, 달 대 달
595, 댐, 안전한 임시시설 작업, 전도방지망
596, 댐, 안전한 임시시설 작업, 임시 경사로
597, 댐, 안전한 임시시설 작업, 임시 통로 또는 계단
598, 댐, 안전한 임시시설 작업, 발굴팁
599, 댐, 안전한 임시시설 작업, 휴대용 사다리
600, 댐, 안전한 임시시설 작업, 강철 리프팅 트랩
601, 댐, 안전한 임시시설 작업, 경사진 지붕
602, 댐, 안전한 임시시설 작업,리프트 출입문
603, 댐, 안전한 임시시설 작업, 낙하물 방지망
604, 댐, 안전한 임시시설 작업, 보호 선반
605, 댐, 임시전기공사, 유통 장비
606, 댐, 임시전기공사, 배전반
607, 댐, 임시전기공사, 철사
608, 댐, 임시전기공사, 충전부
609, 댐, 임시전기공사, 등
610, 댐, 임시전기공사, AC 아크 용접기
611, 댐, 임시전기공사, 이동석전기
612, 댐, 임시전기공사, 접지 연결
613, 댐, 리프팅 기계 작업, 타워 크레인
614, 댐, 리프팅 기계 작업, 승강기
615, 댐, 리프팅 기계 작업, 모바일 크레인
616, 댐, 리프팅 기계 작업, 곤돌라
617, 댐, 리프팅 기계 작업, 윈치
618, 댐, 리프팅 기계 작업, 특별한 작업대
619, 댐, 위험한 기계 작업, 목재 가공용 원형톱
620, 댐, 위험한 기계 작업, 연삭기
621, 댐, 위험한 기계 작업, 공기 압축기
622, 댐, 위험한 기계 작업, 휴대용 발전기
623, 댐, 위험한 기계 작업, 철근 절단기 및 벤더
624, 댐, 위험한 기계 작업, 그라우팅 장비
625, 댐, 위험한 기계 작업, 모르타르 믹서
626, 댐, 위험한 기계 작업, 열기 송풍기
