아니요., 작업 레벨 1, 작업 레벨 2, 작업 레벨 3, 세부 작업, 위험 식별, 위험 통제 또는 예방조치
1, 모바일 크레인,,, 장비 반입(선정/기획), 작업에 부적절한 크레인 용량을 사용하는 것과 관련된 위험, 리프팅 높이 및 작업반경에 따른 적절한 크레인 용량을 사전에 확보
,,,,, 리프팅 작업 높이 및 작업 반경별 허용 하중을 초과했습니다. 크레인 작업 위치가 부적절합니다.," 크레인 작업장 현장 사전 정리, 지지력 확보를 위한 교체, 특수고압 케이블 등 장애물 검토"
,,,,, 장비 반입 전 선택 불량으로 인한 사고," 장비 반입 전 차량 기반 건설장비 작업계획과 중량물 취급 작업계획을 수립하여 적절한 장비를 선정, 반입합니다."
,,,,, 장비 작동 반경 내 접근, 통로 칸막이 및 이동 경로 확보
,,,,,리프팅 도중 리프팅 로프가 파손되어 자재가 떨어집니다., 작업 전 로프행거의 이상유무 점검을 실시한다.
,,,,, 크레인 아웃리거를 사용하지 않고 자재를 들어올릴 때 뒤집히는 경우," 크레인 사용시 아우트리거의 연장을 최대한 활용하고, 지반침하 방지를 위해 철판 등 지지대를 설치하십시오."
,,,,, 지게차 또는 페이로거 사용," 후방 감시 카메라, 경보음 활성화, 전용 지게차 신호원 배치를 통해 출입 통제 조치 후 작업합니다."
,,,,, 장비를 내릴 때, 장비를 하역할 때는 로프 행어를 검사하고 하역 작업에 대한 안전 규칙을 준수하십시오.
,,,,, 재료 적재시 초크 및 초크 결함," 신호와 상호 소통이 철저하고, 초크 지원도 철저하다."
,,,,, 현장 반입 장비 점검 미흡으로 인한 안전사고, 현장 작업을 시작하기 전에 장비를 철저히 검사하여 장비 누락이 없는지 확인하십시오.
,,,,,크레인 작업계획 및 중량물 취급 작업계획 미수립으로 인한 작업중 재해, 크레인 장비 작업 전 차량형 건설장비 작업계획서와 중량물 취급 작업계획서를 작성합니다.
,,,, 장비점검업무, 후크 해제 장치 결함으로 인해 넘어짐," 후크 해제 장치 사용 중 정기점검, 회수 초기 철저한 관리"
,,,,, 장비 정기점검 미흡으로 인한 안전장치 오작동으로 인한 사고, 사용 전과 사용 중에 장비를 자주 점검하여 안전한 상태를 유지하십시오.
,,,,, 시브 표면 부식 손상으로 인한 와이어 파손 (로프 이탈 방지 장치 미설치)," 무부하 상태에서의 회전 소모량, 유격 등을 철저히 점검하고 소모성 부품 적기 교체 준수 (시브에 로프 이탈 방지 장치 설치)"
,,,,,"리프팅 소켓 터미널 가공 미흡, 클립 풀림으로 인한 자재 낙하", 단일 와이어 로프 라인에 클립을 부착하고 단일 와이어 로프 라인에 와이어 로프를 추가한 다음 클립을 고정합니다.
,,,,, 체크리스트 없이 장비 점검 시 점검항목 누락으로 인한 사고, 점검 중 점검 체크리스트를 작성하여 점검 영역 누락을 방지합니다.
,,,,,크레인 작업계획 및 중량물 취급 작업계획 미수립으로 인한 작업중 재해, 크레인 장비 작업 전 차량형 건설장비 작업계획서와 중량물 취급 작업계획서를 작성합니다.
,,,,, 장비 전문가의 점검 미흡으로 인한 사고, 장비 전문가의 정기적인 점검
,,,, 장비설치공사, 굴삭기를 이용하여 장비 설치 위치를 평탄화," 후방감시카메라, 경보음 작동, 전담신호원 배치로 출입통제 조치 후 작업"
,,,,, 크레인 웨이트를 들어올리고 설치할 때, 중량물을 들어올릴 때에는 로프걸이를 점검 및 설치하고 끼임사고가 발생하지 않도록 주의하십시오.
,,,,, 분동 등 크레인 세팅 작업,크레인 설치작업 중에는 지정된 통로로의 이동 및 위험한 행동을 금지합니다.
,,,,, 장비를 설치할 때," 장비 설치 시 장비 이동, 아우트리거 지지, 아우트리거 중량 설치 작업을 준수하십시오."
,,,,, 부적절한 장비 설치 위치로 인해 작업 중 붐의 과도한 장력으로 인한 장비 전복, 거더 하중에 따른 붐의 장력거리를 계산하여 정확한 위치에 설치합니다.
,,,,, 장비 설치시 아웃리거 및 지반 불량으로 인해 작업 중 장비가 넘어지는 경우," 장비 설치 전 지반 평탄화 및 다짐, 아우트리거 최대한 설치)"
,,,,," 지브의 허용 경사각, 정격하중, 과부하 방지장치, 과권방지장치를 풀고 작업합니다."," 허용 경사각 표시기, 과부하 방지 장치, 과권 방지 장치 등의 설치 및 작동 상태를 확인하십시오."
,,,,,크레인 설치시 수평이 맞지 않아 작업중 넘어지는 경우가 있습니다., 크레인 설치시 수평을 확인하여 장비의 수평상태를 철저히 확인하시기 바랍니다.
,,,,, 장비 설치 위치 신호가 설치되지 않음, 건설기계 작업구역 전담 신호경비원(공인자) 배치
,,,,, 작업장 내 장비 및 크레인 이동, 작업장에 장비를 투입할 때에는 배치도를 확인한 후 작업장 내 이동을 최소화하도록 작업을 지시합니다.
,,,,, 작업장 주변의 고압케이블 및 장애물의 손상, 작업 전 주변 장애물 등 위험요소를 확인하고 작업하세요.
,,,, 밧줄 작업, 날카로운 물체를 들어 올리거나 운반하는 동안 슬링 벨트가 파손/떨어짐," 날카로운 물건을 들어올리는 용도로는 가급적 사용을 피하시고, 사용시 보호대를 사용하세요."
,,,,, 크레인 와이어로프 결함으로 인한 추락,"크레인 설치 시 크레인 와이어로프, 시브 등 와이어 구동 부품을 철저하게 점검하십시오."
,,,,," 1개의 줄걸이(1점) 지지대를 사용하여 들어 올리다가 넘어지는 경우, 다른 규격의 리프팅 로프를 사용하여 들어 올리면서 로프 끊어짐 등으로 인해 넘어지는 경우.", 두 개 이상의 지점을 묶어 들어 올리고 동일한 표준의 리프팅 로프를 사용하십시오.
,,,,, 슬링벨트 사용시 샤클볼트 부분을 위쪽으로 조여 작업시 샤클이 느슨해져 떨어지도록 하십시오., 샤클의 볼트부분이 아래를 향하도록 체결(풀림방지)
,,,,, 소재 끝부분에 바인딩하면 바인딩이 느슨해지거나 벗겨져 떨어지는 현상이 발생합니다., 결속물의 무게중심을 고려한 리프팅
,,,,, 들어 올려진 물체의 무게 초과로 인한 전선 파손," 로프, 붐 등을 고려한 리프팅"
,,,,, 매달린 리프팅 물체의 흔들림으로 인한 충돌 및 와이어 낙하, 자재를 들어올릴 때에는 보조로프를 설치하여 들어올려 주십시오.
,,,,,크레인에서 와이어로프를 당기다가 와이어가 뒤집히거나 자재가 떨어져 발생하는 사고, 자재 하부에 지지대를 설치하여 장비로 해체하는 것이 아닌 인력으로 와이어로프를 풀어주는 방식이다.
,,,,, 장비를 이용해 와이어로프를 잡아당기는 과정에서 와이어로프의 탄성., 장비를 이용하여 와이어로프를 제거할 때에는 와이어로프의 탄력성을 점차적으로 제거하십시오.
,,,,, 부적절한 체인 사용 중 체인 절단으로 인한 추락사고, 사용 기준에 맞는 체인을 사용하십시오.
,,,,," 폐기기준에 도달한 와이어로프, 슬링벨트, 체인 등을 사용하다가 로프걸이의 파손으로 인해 넘어지는 경우.", 각종 로프행거의 폐기기준을 정확하게 이해하고 로프행거 작업을 수행한다.
,,,,, 로프행거 정격하중을 준수하지 않아 발생한 사고,"크레인의 용량을 확인하고 작업을 시작합니다. (인양하중 : 들어올릴 수 있는 최대하중, 정격하중 : 인양하중에서 후크, 버켓 등 부착기구 중심을 뺀 하중)"
,,,,, 설비작업계획수립 미흡으로 인한 안전사고, 설비작업 전 작업계획을 수립/검토/승인한 후 작업을 수행합니다.
,,,, 리프팅/운반 작업, 과부하 방지 장치 등 안전 장치가 작동하지 않습니다., 작업 전 안전장치에 이상이 없는지 철저히 확인하세요.
,,,,, 크레인 후크 해제 장치 기능 상실로 인해 와이어 로프 이탈, 작업 전 후크 해제장치가 정상적으로 작동하는지 확인하고 사전에 철저한 안전점검을 실시하세요.
,,,,, 작업구역 내 출입금지 위반, 작업장 내 출입은 금지되어 있습니다.
,,,,, 경사각도에 따른 리프팅 하중 부적합, 경사각에 따른 정격하중 준수
,,,,,자재를 들어올리는 동안 크레인이 전복됨, 크레인 설치현장 아우트리거 확장 및 지지대 설치
,,,,, 크레인은 절토 및 제방 구간의 끝 부분에 장착되며 작업 중에 크레인이 넘어집니다., 절단 또는 충전 팁에 크레인을 장착하지 마십시오. 팁에 크레인을 장착할 경우 최소 4m 이상 간격을 두고 설치하세요.
,,,,, 크레인 작업 반경 내 작업자 출입 및 크레인 회전 시, 작업 구역에 출입통제 시설을 설치하고 작업자 출입을 통제할 수 있는 가이드를 배치합니다.
,,,,, 작업자의 운전석이나 기타 장비에서 작업하는 경우, 작업자 또는 기타 장비의 운반을 뒤집지 마십시오.
,,,,, 신호 신호 불량, 신호원 자격 확보(신호방식 교육)
,,,,, 단철 등 회수, 자재 리프팅 박스를 이용하여 연철 등을 들어올리는 작업.
,,,,, 폐품 작업 시 폐품의 특성이 반영되지 않습니다.,"작업방법과 회수물의 크기, 무게, 형태 등을 파악하여 작업한다."
,,,,, 물량 처리 부족 및 장비 작업계획 수립 부족으로 인한 안전사고, 중량물 취급 작업계획 및 차량 기반 건설장비 작업계획을 수립/검토/승인한 후 작업을 수행합니다.
,,,,, 회수 작업장 주변의 고압선과 접촉, 작업을 시작하기 전에 작업현장 주변의 지상 및 지하 장애물 상태를 확인하고 작업을 시작하십시오.
,,,,, 크레인 자재 인양시 후크 분리를 방지하지 못하여 자재 낙하 현상 발생.," 크레인 작동 전 후크 해제 장치, 감김 방지 장치, 비상 정지 장치, 과부하 방지 장치, 제동 장치를 점검하십시오."
,,,,, 리프팅 작업 중 크레인 과부하 방지장치 미설치로 인한 장비 전복, 1. 작업 전 과부하 방지 장치가 설치되어 있는지 확인하십시오.
,,,,,," 2. 중량 확인 후, 적절한 크레인을 이용하여 작업합니다."
2,화물 크레인,,, 장비 반입(선정/기획), 작업에 부적절한 크레인 용량을 사용하는 것과 관련된 위험, 리프팅 높이 및 작업반경에 따른 적절한 크레인 용량을 사전에 확보
,,,,, 장비 반입 전 선택 불량으로 인한 사고," 장비 반입 전 차량 기반 건설장비 작업계획과 중량물 취급 작업계획을 수립하여 적절한 장비를 선정, 반입합니다."
,,,,, 리프팅 작업 높이 및 작업 반경별 허용 하중을 초과했습니다. 크레인 작업 위치가 부적절합니다.," 크레인 작업장 사전 현장 구배, 지지력 확보를 위한 교체, 특수고압케이블 등 장애물 검토"
,,,,, 장비 작동 반경 내 접근, 통로 칸막이 및 이동 경로 확보
,,,,, 리프팅 중 리프팅 로프 파손, 작업 전 로프행거의 이상유무 점검을 실시한다.
,,,,, 크레인 아웃리거를 사용하지 않고 자재 리프팅," 크레인 사용시 아우트리거의 연장을 최대한 활용하고, 지반침하 방지를 위해 철판 등 지지대를 설치하십시오."
,,,,, 현장 반입 장비 점검 미흡으로 인한 안전사고, 현장 작업을 시작하기 전에 장비를 철저히 검사하여 장비 누락이 없는지 확인하십시오.
,,,,,크레인 작업계획 및 중량물 취급 작업계획 미수립으로 인한 작업중 재해, 크레인 장비 작업 전 차량형 건설장비 작업계획서와 중량물 취급 작업계획서를 작성합니다.
,,,,, 지반 침하로 인해 추락, 1. 장비작업 전 지반상태를 확인하고 일체형 초크를 이용하여 지반침하를 방지하며 견고한 기초를 설치한다.
,,,,,, 2. 아우트리거를 최대 각도로 설치하십시오.
,,,, 장비점검업무, 후크 해제 장치 결함, 후크 해제장치 사용시 철저한 정기점검
,,,,, 장비 정기점검 미흡으로 인한 안전장치 오작동으로 인한 사고, 사용 전과 사용 중에 장비를 자주 점검하여 안전한 상태를 유지하십시오.
,,,,, 시브 표면 부식 손상으로 인한 와이어 파손 (로프 이탈 방지 장치 미설치)," 무부하 상태에서의 회전 소모량, 유격 등을 철저히 점검하고 소모성 부품 적기 교체 준수 (시브에 로프 이탈 방지 장치 설치)"
,,,,," 리프팅 소켓 터미널 처리 미흡, 클립 풀림", 단일 와이어 로프 라인에 클립을 부착하고 단일 와이어 로프 라인에 와이어 로프를 추가한 다음 클립을 고정합니다.
,,,,, 체크리스트 없이 장비 점검 시 점검항목 누락으로 인한 사고, 점검 중 점검 체크리스트를 작성하여 점검 영역 누락을 방지합니다.
,,,,,크레인 작업계획 및 중량물 취급 작업계획 미수립으로 인한 작업중 재해, 크레인 장비 작업 전 차량형 건설장비 작업계획서와 중량물 취급 작업계획서를 작성합니다.
,,,,, 장비 전문가의 점검 미흡으로 인한 사고, 장비 전문가의 정기적인 점검
,,,, 장비설치공사, 장비를 설치할 때," 장비 설치 시 장비 이동, 아우트리거 지지, 아우트리거 중량 설치 작업을 준수하십시오."
,,,,, 부적절한 장비 설치 위치로 인해 작업 중 붐의 과도한 장력으로 인한 장비 전복, 붐의 장력거리를 계산하여 정확한 위치에 설치합니다.
,,,,, 설치시 작업방향을 고려하지 않고 설치 및 작업을 진행하고 있습니다., 카고크레인 작업금지구역을 고려하여 설치
,,,,, 아웃리거 미확장 및 지반 불량으로 작업 중 장비 전복," 장비 설치 전 지반 평탄화 및 다짐, 아우트리거 최대한 설치)"
,,,,,"지브의 허용 경사각, 정격하중, 과부하 방지장치, 권선방지장치를 풀고 작업합니다."," 허용 경사각 표시기, 과부하 방지 장치, 과권 방지 장치 등의 설치 및 작동 상태를 확인하십시오."
,,,,, 크레인 설치시 수평을 확보하지 못한 채 작업을 하고 있습니다., 크레인 설치시 수평을 확인하여 장비의 수평상태를 철저히 확인하시기 바랍니다.
,,,,, 크레인은 절토 및 제방 구간의 끝 부분에 장착되며 작업 중에 크레인이 넘어집니다., 절단 또는 충전 팁에 크레인을 장착하지 마십시오. 팁에 크레인을 장착할 경우 최소 4m 이상 간격을 두고 설치하세요.
,,,,, 장비 설치 위치 신호가 설치되지 않음, 건설기계 작업구역 전담 신호경비원(공인자) 배치
,,,,, 작업장 내 장비 및 크레인 이동, 작업장에 장비를 투입할 때에는 배치도를 확인한 후 작업장 내 이동을 최소화하도록 작업을 지시합니다.
,,,,, 작업장 주변의 고압케이블 및 장애물의 손상, 작업 전 주변 장애물 등 위험요소를 확인하고 작업하세요.
,,,, 밧줄 작업, 날카로운 물체를 들어 올리거나 운반하는 동안 슬링 벨트가 파손/떨어짐," 날카로운 물건을 들어올리는 용도로는 가급적 사용을 피하시고, 사용시 보호대를 사용하세요."
,,,,, 크레인 와이어 로프 결함,"크레인 설치 시 크레인 와이어로프, 시브 등 와이어 구동 부품을 철저하게 점검하십시오."
,,,,," 1개의 줄걸이(1점) 지지대로 리프팅 중 넘어짐, 다른 표준 리프팅 로프를 사용하여 리프팅 중 로프 파손", 두 개 이상의 지점을 묶어 들어 올리고 동일한 표준의 리프팅 로프를 사용하십시오.
,,,,, 슬링벨트 사용시 샤클볼트 부분을 위로 향하게 체결하여 작업시 샤클이 풀리는 것을 방지합니다., 샤클의 볼트 부분이 아래를 향하도록 체결하세요.
,,,,, 재료 끝부분에 바인딩하면 바인딩이 느슨해지거나 벗겨지는 현상이 발생합니다., 소재의 무게중심을 고려한 결속
,,,,, 들어 올려진 물체의 무게 초과로 인한 전선 파손," 로프, 붐 등을 고려한 리프팅"
,,,,, 매달린 물체가 흔들리거나 전선이 떨어지는 경우, 자재를 들어올릴 때에는 보조로프를 설치하여 들어올려 주십시오.
,,,,, 크레인에서 와이어로프를 당기는 동안 와이어가 튀고 재료가 떨어지는 모습입니다., 자재 하부에 지지대를 설치하여 장비로 해체하는 것이 아닌 인력으로 와이어로프를 풀어주는 방식이다.
,,,,, 와이어로프를 장비로 제거하는 과정에서 와이어로프의 탄성이 발생한다., 장비를 이용하여 와이어로프를 제거할 때에는 와이어로프의 탄력성을 점차적으로 제거하십시오.
,,,,, 부적합한 체인 사용 중 체인 절단, 사용 기준에 맞는 체인을 사용하십시오.
,,,,,"폐기 기준에 도달한 와이어 로프, 슬링 벨트, 체인 등을 사용하는 동안 로프 행거가 파손됩니다.", 각종 로프행거의 폐기기준을 정확하게 이해하고 로프행거 작업을 수행한다.
,,,,, 로프행거 정격하중을 준수하지 않아 발생한 사고,"크레인의 용량을 확인하고 작업을 시작합니다. (인양하중 : 들어올릴 수 있는 최대하중, 정격하중 : 인양하중에서 후크, 버켓 등 부착기구 중심을 뺀 하중)"
,,,,, 설비작업계획수립 미흡으로 인한 안전사고, 설비작업 전 작업계획을 수립/검토/승인한 후 작업을 수행합니다.
,,,,, 로프 걸기 작업 완료 후 운전자와 신호원 사이의 신호 불량으로 인한 사고, 작업이 완료되면 운전자와 신호수는 완료를 확인하는 신호를 보냅니다.
,,,, 상·하역 및 운반작업, 화물크레인 로딩박스에 자재 상/하역," 카고크레인 적재함에 화물을 싣고 내릴 때 작업자는 반드시 와이어로프를 당기는 쪽에 위치해야 하며, 화물을 싣고 내릴 때 작업자의 접근이 금지됩니다."
,,,,, 화물크레인 하역장에서 뛰어내려 하역장으로 올라가던 중 사고가 발생했습니다.," 화물 상자 위에서 뛰거나 뛰지 말고, 차량에 부착된 발판을 밟은 채 천천히 이동하십시오."
,,,,, 키를 꽂은 채 운전석을 이탈하여 발생한 사고, 운전석에서 내릴 때에는 바구니를 내리고 열쇠를 빼서 보관하세요.
,,,,,이동시에는 화물컨테이너를 타고 이동하세요., 근로자가 화물 상자에 탑승하는 동안 이동 금지
,,,,, 리프팅 카고 크레인 전복, 크레인 설치현장 아우트리거 확장 및 지지대 설치
,,,,, 지원이 사용되지 않음," 자재를 내리고, 들어올리고, 적재할 때 지지대 사용"
,,,,, 가장자리에서 회수한 재료를 받으면서, 넘어질 위험이 있는 모서리 작업시에는 안전벨트 부착장치를 설치하고 안전벨트를 걸어두십시오.
,,,,, 설비작업계획수립 미흡으로 인한 안전사고, 설비작업 전 작업계획을 수립/검토/승인한 후 작업을 수행합니다.
,,,,, 고압선 근처에서 작업하는 동안 선로의 충전부 접촉, 고압선 근처에서 작업할 때에는 고압선에 절연 보호관을 설치하십시오.
,,,,,, 신호수를 배치하고 접근 거리를 유지하면서 작업하십시오.
,,,, 리프팅 작업, 경사각도에 따른 리프팅 하중 부적합, 경사각에 따른 정격하중 준수
,,,,, 과부하 방지 장치 등 안전 장치가 작동하지 않습니다., 안전장치의 이상 유무를 철저하게 확인
,,,,, 크레인 후크 해제 장치 기능 상실로 인해 와이어 로프 이탈, 작업 전 후크 해제 장치가 정상적으로 작동하는지 확인하고 철저한 안전점검을 사전에 실시하시기 바랍니다.
,,,,, 신호장애로 인한 사고, 신호원 자격 확보(교육)
,,,,, 작업구역 내 출입금지 위반, 작업장 내 출입은 금지되어 있습니다.
,,,,,자재를 들어올리는 동안 크레인이 전복됨, 크레인 설치현장 아우트리거 확장 및 지지대 설치
,,,,, 크레인은 절토 및 제방 구간의 끝 부분에 장착되며 작업 중에 크레인이 넘어집니다., 절단 또는 충전 팁에 크레인을 장착하지 마십시오. 팁에 크레인을 장착할 경우 최소 4m 이상 간격을 두고 설치하세요.
,,,,, 크레인 작업 반경 내 작업자 출입 및 크레인 회전 시, 작업 구역에 출입통제 시설을 설치하고 작업자 출입을 통제할 수 있는 가이드를 배치합니다.
,,,,, 작업자의 운전석이나 기타 장비에서 작업하는 경우, 작업자 또는 기타 장비의 운반을 뒤집지 마십시오.
,,,,, 단철 등 회수, 자재 리프팅 박스를 이용하여 연철 등을 들어올리는 작업.
,,,,, 폐품 작업 시 폐품의 특성이 반영되지 않습니다.,"작업방법과 회수물의 크기, 무게, 형태 등을 파악하여 작업한다."
,,,,, 물량 처리 부족 및 장비 작업계획 수립 부족으로 인한 안전사고, 중량물 취급 작업계획 및 차량 기반 건설장비 작업계획을 수립/검토/승인한 후 작업을 수행합니다.
,,,,, 회수 작업장 주변의 고압선과 접촉, 작업을 시작하기 전에 작업현장 주변의 지상 및 지하 장애물 상태를 확인하고 작업을 시작하십시오.
,,,, 바구니 작업,카고크레인에 버킷을 부착하고 작업자를 탑승시키는 과정에서 작업 중 볼트와 용접연결부가 탈락됩니다.," 버켓을 카고크레인에 연결하고, 볼트체결부와 용접부를 반드시 확인한 후 사용하세요."
,,,,, 작업자 안전벨트 고리가 고정되지 않음, 버킷에 탑승한 작업자는 버킷이 아닌 붐측에 안전벨트 부착장비를 설치하고 안전벨트를 부착한 상태로 작업한다.
,,,,, 작업 중 공구 낙하, 작업자가 사용하는 모든 도구는 하나로 묶여 있습니다.
,,,,, 작업 중 작업대에서 추락, 정격하중을 초과하는 하중을 가하지 마십시오.
,,,,, 작업 중 근로자가 하부로 진입하여 발생한 사고, 작업 중 접근 통제 조치를 낮추세요
,,,,, 운전자와 근로자에게 좋지 않은 신호, 작업 중 신호원 배치 및 작업자와 운전자 간 신호 시스템 구축
,,,,, 바스켓의 사전 구조 검토 없이 작업 투입, 바스켓 사용 전 구조 검토 → 낙상 방지 조치
,,,,, 설비작업계획수립 미흡으로 인한 안전사고, 설비작업 전 작업계획을 수립/검토/승인한 후 작업을 수행합니다.
,,,,,작업장 주변의 고압선과 접촉, 고압선 보호관을 설치하고 신호수를 배치하며 근접제한거리를 준수하여 작업합니다.
3, 고소작업차(붐형),,, 장비 반입(선정/기획)/준비, 작업에 적합하지 않은 고소작업대 사용, 리프팅 높이와 작업 반경에 따라 적절한 고소 작업 차량을 미리 선택하십시오.
,,,,, 장비 반입 전 선택 불량으로 인한 사고," 장비반입 전 차량 기반 건설장비 작업계획과 중량물 취급 작업계획을 수립하고, 이에 적합한 장비를 선정하여 반입합니다."
,,,,," 작업높이 및 작업반경에 따른 허용하중 초과, 고소작업차의 작업자세 부적절"," 작업장 사전 현장 준비, 지지력 확보를 위한 교체, 특수고압케이블 등 장해물 검토"
,,,,, 장비 작동 반경 내 접근, 통로 칸막이 및 이동 경로 확보
,,,,, 아우트리거 미사용,"아우트리거를 최대한 활용하고, 지반침하 방지를 위한 지지대로서 철판을 설치합니다."
,,,,, 현장 반입 장비 점검 미흡으로 인한 안전사고, 현장 작업을 시작하기 전에 장비를 철저히 검사하여 장비 누락이 없는지 확인하십시오.
,,,,, 차량 운전자 교육 부족으로 작업 진행 중, 출근 전 차량 운전자를 대상으로 안전교육 실시
,,,,, 주변 환경에 대한 훈련이 부족하여 붐 폴이 고전압 전기 회로에 접촉하게 되었습니다., 주변환경 교육 실시
,,,,, 설비공사 계획 수립 후 협의 미흡으로 인한 사고, 장비 작업 계획 및 계약 준비
,,,,, 작업장 미선정으로 인한 사고, 작업 리더를 결정하고 명령 체계를 명확히 합니다.
,,,,, 고소작업차량 작업계획 미수립으로 인한 작업중 사고, 작업을 시작하기 전에 차량 관련 건설 장비에 대한 작업 계획을 준비하십시오.
,,,,, 작업자 안전 교육 부족으로 인한 작업 중 불안전한 행동, 근로자 특별 안전교육 실시
,,,,,사전 취업허가증을 제출하지 않고 근무 중 사고가 발생한 경우, 취업 허가증을 제공하고 취업
,,,,, 케이지 조립 확인 미흡으로 인한 사고, Cage 조립상태 확인을 위한 점검 실시
,,,,, 점검표를 작성하지 않고 점검 시 점검 누락으로 인한 사고," 근무 전 업무계획 수립, 관리책임자 배정 및 업무 지시"
,,,, 장비점검업무, 권취방지장치가 부착되어 있지 않아 회수중입니다., 권선방지장치 부착 및 작동상태 확인
,,,,, 장비 정기점검 미흡으로 인한 안전장치 오작동으로 인한 사고, 사용 전과 사용 중에 장비를 자주 점검하여 안전한 상태를 유지하십시오.
,,,,, 아우트리거 결함으로 인해 작동 중, 아우트리거 연결부위 등 용접상태 확인
,,,,, 작업대에는 안전 레일이 설치되어 있지 않습니다.," 작업대에 안전레일을 설치하고, 작업시 안전끈 고리를 조여주세요."
,,,,, 체크리스트 없이 장비 점검 시 점검항목 누락으로 인한 사고, 점검 중 점검 체크리스트를 작성하여 점검 영역 누락을 방지합니다.
,,,,, 작업계획 및 중량물 취급 작업계획 미수립으로 인한 작업중 재해, 작업 전 차량 기반 건설장비 작업 계획과 중량물 취급 작업 계획을 준비합니다.
,,,,, 장비 전문가의 점검 미흡으로 인한 사고, 장비 전문가의 정기적인 점검
,,,, 장비설치공사, 장비를 설치할 때," 장비 설치 시 장비 이동, 아우트리거 지지, 아우트리거 중량 설치 작업을 준수하십시오."
,,,,, 부적절한 장비 설치 위치로 인해 작업 중 붐의 과도한 장력으로 인한 장비 전복, 붐의 장력거리를 계산하여 정확한 위치에 설치합니다.
,,,,, 아웃리거 미확장 및 지반 불량으로 작업 중 장비 전복," 장비 설치 전 지반 평탄화 및 다짐, 아우트리거 최대한 설치)"
,,,,," 지브의 허용 경사각, 정격하중, 과부하 방지장치, 과권방지장치를 풀고 작업합니다."," 허용 경사각 표시기, 과부하 방지 장치, 과권 방지 장치 등의 설치 및 작동 상태를 확인하십시오."
,,,,, 크레인은 절토 및 제방 구간의 끝 부분에 장착되며 작업 중에 크레인이 넘어집니다., 절단 또는 충전 팁에 크레인을 장착하지 마십시오. 팁에 크레인을 장착할 경우 최소 4m 이상 간격을 두고 설치하세요.
,,,,, 장비 설치 위치 신호가 설치되지 않음, 건설기계 작업구역 전담 신호경비원(공인자) 배치
,,,,,고소 작업 트럭 등 작업장 내 이동, 작업장에 장비를 투입할 때에는 배치도를 확인한 후 작업장 내 이동을 최소화하도록 작업을 지시합니다.
,,,,, 작업장 주변의 고압케이블 및 장애물의 손상, 작업 전 주변 장애물 등 위험요소를 확인하고 작업하세요.
,,,,, 작업장 내 다른 차량의 출입으로 인한 충돌 및 작업장에 출입하는 근로자, 작업장 주변에 가이드 배치 및 통제
,,,,, 현장에서 작업대를 조립하는 동안," 작업대는 작업장에 투입할 수 있도록 가급적 차고에서 조립하고, 조립 후 조립검사를 실시합니다."
,,,,, 연결볼트의 흔들림이 계속되면서 철근의 피로에 의한 파손과 용접부의 파열로 케이지가 넘어지게 됩니다., 연결볼트 조임상태 및 용접상태를 철저하게 점검
,,,,, 고공 작업 차량의 아웃리거가 배치 불량으로 인해 넘어졌습니다., 아우트리거 조치 후 작업
,,,, 공중 리프트 작업, 작업대에서 일하다, 작업대에 안전난간을 설치하고 수직구명로프를 설치한 후 안전벨트용 후크를 이용하여 작업합니다.
,,,,, 워크벤치 과부하,작업대 적재능력 준수 및 붐폴 체결상태 철저한 점검
,,,,, 수직 구명줄을 설치하지 않아 장비가 넘어진 경우, 장비와 별도로 구조물 상단에 수직 구명줄을 설치하고 안전벨트 고리를 부착합니다.
,,,,, 작업 중 계획되지 않은 리프팅," 조작 방법을 숙지하고, 작업이나 복잡한 조작을 피하고, 주변을 확인한 후 조작하십시오."
,,,,, 할당되지 않은 운영자가 근무 중입니다., 운영자는 지정된 교육을 이수하고 승인된 사람입니다.
,,,,, 공중 작업 트럭에서 작업," 설치 시에는 평평한 면에 수평을 유지하고, 아우트리거를 양방향으로 최대한 늘려서 설치하세요."
,,,,, 작업 중에는 붐의 기울기가 터무니없이 낮습니다., 붐의 경사각이 사용하중 등 허용하중 범위 내에 있도록 철저한 교육과 감독을 실시합니다.
,,,,,작업대에서 작업 중 낙하물이 발생합니다.," 작업대 작업시 동시작업을 금지하고, 하부로의 접근을 통제합니다."
,,,,,," 설치에는 도구가 사용되며, 자재는 적당량 적재됩니다."
,,,,, 철망 시공시 지면과 밀착되지 않아 추후에 철망이 들뜨거나 낙석의 원인이 될 수 있습니다., 이전에 설치한 락 볼트를 사용하여 지면 가까이에 부착합니다.
,,,,, 풀러는 락 볼트 풀아웃 테스트 중에 떨어집니다., 끈으로 제도기 등의 도구를 부착하여 작업합니다.
,,,,, 작업 구역 경계를 설정하지 않고 작업, 작업 구역을 결정하고 신호원과 모니터를 할당하여 차량과 작업자를 제어합니다.
,,,,, 설비작업계획수립 미흡으로 인한 안전사고, 설비작업 전 작업계획을 수립/검토/승인한 후 작업을 수행합니다.
,,,,, 작업 중 돌풍 등에 의한 사고, 작업을 시작하기 전에 일기장을 포함하여 고소 작업 차량의 상태를 철저히 확인하십시오.
,,,,, 일을 마치고 케이지에서 내려오는 중,"작업 완료 후 하차 시에는 평평한 곳에서 하차하고, 높이 차이가 있는 경우 적절한 발판을 설치한 후 작업대에서 하차하십시오."
,,,,, 고르지 못한 지면으로 인해 흔들리고 넘어지는 현상, 평평한 표면에서의 탑승 조치
,,,,, 안전난간 설치상태가 좋지 않습니다., 작업대 끝단 안전난간 설치
,,,,, 케이지의 제거, 작업 전 장비 철저한 점검
,,,,, 강제로 작업대 바깥쪽으로 몸을 기울여 작업하는 경우, 작업대 밖으로 몸을 기대어 작업하는 것을 피하세요.
,,,,, 카고크레인에 버킷이 부착되어 있고 작업자가 그 위에 탑승합니다. 작업 중에 볼트와 용접 연결부가 손상되어 떨어집니다.," 버켓을 카고크레인에 연결하고, 볼트체결부와 용접부를 반드시 확인한 후 사용하세요."
,,,,, 작업 중 근로자가 하부로 진입하여 발생한 사고, 작업 중 접근 통제 조치를 낮추세요
,,,,, 운전자와 근로자에게 좋지 않은 신호, 작업 중 신호원 배치 및 작업자와 운전자 간 신호 시스템 구축
,,,,, 작업 중에는 상단 안전벨트를 착용하지 않음, 작업대 상단 안전벨트 착용 조치 (붐바에 매달린 로프를 연장하여 안전벨트 고리를 고정)
,,,,,, 장비사용시 사전 협의 후 작업을 진행합니다.
,,,,,고소작업대 사용시 안전기준 미준수," 안전벨트 미착용으로 인한 사고사례 전파 및 조치(+지반침하 방지를 위한 아웃리거 지지대 설치), 작업구역 분할대책(돌발상황 발생 시 안전팀과 작업계획 사전 공유)"
4, 고소작업차(수직인양형),,, 장비 반입(선정/기획)/준비, 작업에 적합하지 않은 고소작업대 사용, 작업 높이에 따라 적절한 고소 작업 차량을 사전에 선택하십시오.
,,,,, 장비 반입 전 잘못된 장비 선택으로 인한 사고," 장비 반입 전 차량 기반 건설장비 작업계획과 중량물 취급 작업계획을 수립하여 적절한 장비를 선정, 반입합니다."
,,,,, 장비 작동 반경 내 접근," 통로 칸막이 및 이동경로 확보, 승강제한스위치 정기점검"
,,,,, 현장 반입 장비 점검 미흡으로 인한 안전사고, 현장 작업을 시작하기 전에 장비를 철저히 검사하여 장비 누락이 없는지 확인하십시오.
,,,,, 차량 운전자 교육 부족으로 작업 진행 중, 출근 전 차량 운전자를 대상으로 안전교육 실시
,,,,, 주변 환경에 대한 훈련이 부족하여 붐 폴이 고전압 전기 회로에 접촉하게 되었습니다., 주변환경 교육 실시
,,,,, 설비공사 계획 수립 후 협의 미흡으로 인한 사고, 장비 작업 계획 및 계약 준비
,,,,, 작업장 미선정으로 인한 사고, 작업 리더를 결정하고 명령 체계를 명확히 합니다.
,,,,, 고소작업차량 작업계획 미수립으로 인한 작업중 사고, 작업을 시작하기 전에 차량 관련 건설 장비에 대한 작업 계획을 준비하십시오.
,,,, 장비점검업무, 비상 정지 장치가 작동하지 않아 운전자가 떠나면 키를 그대로 두십시오., 비상정지장치 작동 및 운전자 이탈시 철저한 키 관리
,,,,, 풋스위치 설치 커버 부족으로 인한 예상치 못한 작동, 풋스위치 설치상태 및 동작상태 확인 → 인터록 기능
,,,,,등반과 달리기를 동시에, 작동 제한 스위치 작동 여부 확인 → 상승 중 주행 제한
,,,,, 과승방지장치가 작동하지 않음, 과승방지장치를 설치하고 인양시 작동상태를 확인하십시오.
,,,,, 기타 안전장치의 미작동으로 인한 사고," 자동안전장치, 경사표시장치, 비상정지장치 등 고소작업대를 제작하고, 작업 전 철저한 점검을 통해 안전기준 준수 여부를 확인합니다."
,,,,, 취업허가증 미확인 정보로 인한 사고위험, 작업 시작 전 노동허가서 제출 및 검토/작업허가서에 따른 준비상태 확인 후 작업 진행
,,,,, 근로자에게 작업 계획 및 작업 허가에 대한 교육을 제공하지 않아 발생한 사고, 작업 계획 내용에 대해 근로자에게 교육을 제공합니다.
,,,,,안전인증 및 자율안전확인 미준수로 인한 사고위험, 고소 작업대 관련 안전 인증 절차 준수
,,,, 설비공사(단독), 작업대 오르다가 구조물에 끼임, 과승방지장치를 설치하고 승강작업시 상부를 철저히 점검하십시오.
,,,,, 작업대에서 사다리로 작업하기, 작업면에는 사다리 등을 설치하고 높은 곳에서의 작업을 금지합니다.
,,,,," 2명이 탑승해 작업을 하던 중, 운전자가 작업을 마친 뒤 갑자기 차를 몰고 갑니다.", 두 사람이 탑승하여 작업할 때 작업 순서를 결정하고 예상치 못한 움직임을 방지하기 위한 교육입니다.
,,,,, 상부 작업 중 낙하물 발생, 작업장 하단의 비직원 출입 신호 제어
,,,,, 작업 구역 경계를 설정하지 않고 작업, 작업 구역을 결정하고 신호수와 감시자를 배정하여 작업자를 통제합니다.
,,,,, 작업 중 갑작스러운 움직임,갑작스러운 움직임을 방지하기 위해 철저하게 고정된 브레이크
,,,,, 고소 작업차에 장비 배관자재를 싣고 위쪽으로 이동합니다.," 들어올림과 이동을 동시에 하지 마십시오. 배관자재의 상승, 혼탁, 낙하를 방지하기 위해 올려진 위치에서 상부와 주변을 정확하게 점검하십시오."
,,,,, 설비공사 계획 수립 후 협의 미흡으로 인한 사고, 장비 작업 계획 및 계약 준비
,,,,, 작업장 미선정으로 인한 사고, 작업 리더를 결정하고 명령 체계를 명확히 합니다.
,,,,, 변환기 가까이에서 작업, 전기 회로 가까이에서 작업할 경우 작업 감독자를 배치하고 정전 및 보호 조치를 취한 후 작업하십시오.
,,,,, 작업대 이동시 이동경로를 준수하지 않아 작업대가 넘어지는 현상이 발생합니다., 이동경로를 설정하고 사전에 안전조치를 취한 후 신호수 등을 배치한 후 이동합니다.
,,,,, 설비작업계획수립 미흡으로 인한 안전사고, 설비작업 전 작업계획을 수립/검토/승인한 후 작업을 수행합니다.
,,,,, 고공 작업 차량의 아웃리거가 배치 불량으로 인해 넘어졌습니다., 아우트리거 조치 후 작업
,,,,, 구조물 현황에 대한 이해 부족으로 인한 이동 중 사고 발생," 고소 작업대 작업 전 구조물의 바닥, 천장, 기둥 등의 현황을 확인하고 작업을 진행하세요."
,,,, 설비작업(2대 노조), 작업대를 오르는 동안, 과승방지장치를 설치하고 승강작업시 상부를 철저히 점검하십시오.
,,,,,두 개의 작업대에서 덕트 조명을 운반하는 동안 속도 제어가 부족함, 두 대의 기계를 조합하여 작업하는 경우 신호원이 지정되고 운전자는 신호원의 신호에 따라 작업합니다.
,,,,, 상부 작업 중 고소 작업대의 난간을 밟는 행위., 안전 난간과 같은 작업 플랫폼 외부에서 작업하지 마십시오.
,,,,,, 안전망을 착용한 근로자와 협력
,,,,, 상부 작업 중 낙하물 발생, 관련자를 제외한 작업장 하부에 대한 접근을 통제한다.
,,,,, 작업장 조명 부족으로 인한 작업 중 오판, 작업장에는 작업에 적합한 조명이 갖추어져 있습니다.
,,,,, 작업대에서 불을 처리할 때 불꽃은 바닥으로 떨어진다.," 고공 작업대에 화염 비산 방지 장치 설치, 하부에 소화기 및 화재 모니터 배치, 작업 전 인화성 물질 제거."
,,,,, 작업 중 갑작스러운 움직임,갑작스러운 움직임을 방지하기 위해 철저하게 고정된 브레이크
,,,,, 경사면에서 작업하기, 가능한 한 수평으로 고소작업대에서 작업하십시오.
,,,,, 고소 작업차에 장비 배관자재를 싣고 위쪽으로 이동합니다.," 들어올림과 이동을 동시에 하지 마십시오. 배관자재의 상승, 혼탁, 낙하를 방지하기 위해 올려진 위치에서 상부와 주변을 정확하게 점검하십시오."
,,,,, 설비공사 계획 수립 후 협의 미흡으로 인한 사고, 장비 작업 계획 및 계약 준비
,,,,, 작업장 미선정으로 인한 사고, 작업 리더를 결정하고 명령 체계를 명확히 합니다.
,,,,,작업대 이동시 이동경로를 준수하지 않아 작업대가 넘어지는 현상이 발생합니다., 이동경로를 설정하고 사전에 안전조치를 취한 후 신호수 등을 배치한 후 이동합니다.
,,,,, 설비작업계획수립 미흡으로 인한 안전사고, 설비작업 전 작업계획을 수립/검토/승인한 후 작업을 수행합니다.
,,,,, 구조물 현황에 대한 이해 부족으로 인한 이동 중 사고 발생," 고소 작업대 작업 전 구조물의 바닥, 천장, 기둥 등의 현황을 확인하고 작업을 진행하세요."
,,,,, 고공 작업 차량의 아웃리거가 배치 불량으로 인해 넘어졌습니다., 아우트리거 조치 후 작업
,,,, 장비이동작업, 작업대를 올려 작업자를 운반 및 이동, 작업대를 올린 상태에서 작업자를 운반하지 마십시오.
,,,,, 작업대 이동 중 불규칙성에 걸리다, 이동 경로에 불규칙성이나 장애물이 있는지 확인하십시오.
,,,,, 이동하는 보행자와 함께, 신호수를 배치하고 이동 경로에 대한 접근을 통제합니다.
,,,,, 이동 중 빔에 걸렸습니다., 작업대를 최대한 낮추고 이동한 후 빔의 높이 등을 확인한 후 이동 작업을 진행합니다.
,,,,, 작업대를 너무 높이 옮기다가 균형을 잃음, 작업 플랫폼을 가장 낮은 수준으로 낮추십시오.
,,,,, 작업대를 이동하는 동안 바퀴가 개구부에 빠집니다., 고소작업대 작업부위 사전점검 후 개구부 등 철저한 안전조치를 실시합니다.
,,,,,작업대 이동시 이동경로를 준수하지 않아 작업대가 넘어지는 현상이 발생합니다., 이동경로를 설정하고 사전에 안전조치를 취한 후 신호수 등을 배치한 후 이동합니다.
,,,,, 설비작업계획수립 미흡으로 인한 안전사고, 설비작업 전 작업계획을 수립/검토/승인한 후 작업을 수행합니다.
,,,,, 구조물 현황에 대한 이해 부족으로 인한 이동 중 사고 발생," 고소 작업대 작업 전 구조물의 바닥, 천장, 기둥 등의 현황을 확인하고 작업을 진행하세요."
5, 굴삭기,,, 장비 반입(선정/기획),장비 반입시 수입절차를 준수하지 않아 발생한 사고, 장비 수입 절차를 준수하여 업무를 수행합니다.
,,,,, 장비 반입 시 작업 차량 및 작업자에 대한 통제가 부족함, 장비 반입 시 차량 안내 신호를 배치하여 차량 및 작업자를 통제합니다.
,,,,, 차량에서 하역할 때 장비가 넘어짐," 장비 하역 위치 및 위치 확보 (경사지, 노면 하역 금지)"
,,,,, 장비 반입시 차량 이상 여부 확인 미흡으로 인한 사고," 장비를 반입할 때 엔진 오일, 브레이크, 클러치, 유압 시스템, 경보 시스템, 헤드라이트, 타이어 및 크롤러 트랙의 상태와 부착 장치의 상태를 확인하십시오."
,,,,, 장비 하역 및 적재 작업 중에 장비 및, 장비 반입시 신호원을 배치하고 운전 전 운전자 등을 확인하십시오.
,,,,,작업 계획을 세우지 않고 차량 관련 건설 장비 작업 중 사고, 작업 전 차량관련 건설기계 작업계획을 작성/검토/승인한 후 작업을 수행합니다.
,,,,, 장비 관련 보험 및 무자격 운전자로 인한 작업 중 사고, 보험 등 장비 관련 서류 확인 및 운전자 자격 확인
,,,, 장비점검업무, 버킷 연결용 유압 커플러의 안전핀을 체결하지 않으면 버킷이 연결부(퀵 커플러)에서 분리됩니다.," 버킷 연결용 유압커플러의 안전핀을 꼼꼼히 점검하고, 조종석 조작장치(이중안전장치)를 점검한다."
,,,,, 버킷 유압커플러 안전핀 이탈방지장치 규격 미준수(분할핀)로 인해 안전핀 이탈로 인해 버킷 낙하 발생, 작업 전 버킷 유압커플러 안전핀 이탈방지장치(분할핀)를 꼼꼼히 확인하세요. (표준품 사용)
,,,,,"WEIGHT BALANCE 고정 볼트를 분실한 경우, WEIGHT가 떨어진 경우, 근처 작업자가 갇힌 경우, 경사면에서 이동하는 경우.", 1차 현장점검 시 작업 전 점검 및 WEIGHT BALANCE 고정볼트의 체결상태를 확인합니다.
,,,,, 버킷 용량을 늘려 경사면에서 작업하는 경우(사양 초과), 처음 반입 시 굴삭기 버킷 용량이 적합한지 확인하세요.
,,,,, TRACK SHOE 분실로 인해 LINK 파손시 넘어질 위험 및 등판능력 저하, 굴삭기 최초 반입시 트랙 상태 확인(LINK PIN 및 롤러 상태)
,,,,, 후방감시카메라를 설치하지 않고 굴삭기를 백업하는 경우," 사각지대를 방지하기 위해 굴삭기 후면 정중앙에 설치하고, 장비 사용 전 후방감시카메라의 동작을 철저히 확인하였습니다."
,,,,, 굴삭기 후진 경보장치가 작동하지 않아 후진할 때,장비를 사용하기 전에 후진 경보 장치의 작동 상태(후진 기어 작동 시 자동으로 작동하는지 여부)를 철저히 확인하십시오.
,,,,, 굴삭기 후크 이탈 방지 장치의 분실 및 비규격 부품의 추가 부착으로 인양작업 중 인양작업 중 인양물이 낙하합니다.," 크레인 등 리프팅 장비를 사용하여 작업하며, 부득이한 경우 후크 이탈방지 장치를 설치), 규격 외 후크 사용을 금지합니다."
,,,,," 굴삭기 운전석 전면 유리 손상으로 인해 운전자의 시야(굴절, 반사) 저하로 인한 오작동 위험이 있습니다.", 앞유리 교체 및 차단기 작업시 앞유리 보호망을 철저하게 설치
,,,,," 점검, 유지보수 등의 작업 중 전동 공구 사용 중 누전이 발생합니다.", 전동공구 등의 사전점검을 철저히 합니다.
,,,,, 수리 및 점유 작업 중 차체 아래 작업," 표지판 설치(점검, 유지보수)"
,,,,,, - 차체 아래로 들어가지 마세요.
,,,,,, - 안전블록과 안전지지대를 사용하세요.
,,,,, 굴삭기 버킷 추락 및 작업자 충돌 근처, 작업 전 버킷 안전핀이 고정되어 있는지 확인하세요.
,,,,, 장비의 버켓 탈착시 안전연결핀을 조이지 않아 발생한 사고, 사전점검시 안전핀 확인
,,,,, 굴삭기 버킷 탈락 방지핀이 체결되지 않아 버킷 탈락으로 작업자 및 장비가 갇히게 됩니다., 1. 굴삭기 볼트 탈부착 후 불량 발생시 관리자는 항상 이탈방지핀 상태를 확인하고 장비엔지니어에게 그 중요성을 강조한다.
,,,,,, 2. 버킷 안전핀에 래커를 도포하여 체결 여부를 육안으로 확인할 수 있도록 합니다.
,,,,, 굴삭기 버킷 안전핀 미 체결로 인해 버킷 낙하,1. 굴삭기 퀵커플러 안전핀 체결 후 작업훈련
,,,,,, 2. 안전핀 체결 상태를 확인할 수 있는 밴드를 설치하세요.
,,,,,, 3. 안전핀 확인 후 작업
,,,,,, 4. 매일 출근 전 점검 사진을 SNS로 전송
,,,,, 버킷 제거 및 부착 시 위치 불량으로 인한 미끄러짐 및 충돌, 1. 장비 작업자에게 탈부착 시 평탄한 지면을 사용할 수 있도록 교육을 제공합니다.
,,,,,, 2. 토공사로 인해 버킷 부착 위치가 변경될 수 있으므로 항상 확인하십시오.
,,,,," 야간 장비 수리 중 협착, 충돌, 추락", 1. 야간장비 수리 전 체크리스트 제출
,,,,,, 2. 백라이트가 있는 밝은 곳에서 실시
,,,, 장비공사(굴착), 작업구역과 도로구역을 구분하지 않고 작업 중 일반차량 및 통행인에 의한 배관작업 관련 사고,바람에 쓰러지지 않도록 경계를 설정하고 안전펜스를 확보해 주십시오. 도로를 따라 모든 작업 과정에서 신호원을 철저하게 배치합니다.
,,,,, 굴착작업 중 굴착기는," 굴삭기 운전자 자격, 전방 및 후방 경고 및 확인, 신호수 배치"
,,,,, 굴착 표면 위에 과부하된 토양의 무게, 굴착면 위에 굴착토를 적재하지 않음(적절한 거리)
,,,,, 굴착면 상단 작업 시, 낙하재해 예방을 위해 굴착면 상부에 안전펜스 설치
,,,,, 굴착면을 수직으로 굴착하는 작업이 이루어지고 있습니다., 굴착면은 굴착 경사도에 따라 굴착됩니다.
,,,,, 굴삭기 작업 중 버킷이 떨어짐, 1. 접속 이상 등을 사전 확인하고 작업을 수행한다.
,,,,,, 2. 굴삭기 안전핀 고정 및 식별태그 설치
,,,,, 장애물 주변 굴착시 굴착장비에 의한 접촉,장애물 주위를 굴착할 때에는 인적 굴착이 이루어진다.
,,,,, 굴착기 회전," 굴삭기 작업시 신호수 배치, 후방카메라 설치, 후진경보부착 등을 실시합니다."
,,,,," 발전기, 전동 공구 및 임시 케이블이 사용 중입니다.", 모든 전기 장비는 사전에 점검하고 사용 중에 철저하게 관리해야 합니다.
,,,,,작업 계획을 세우지 않고 차량 관련 건설 장비 작업 중 사고, 작업 전 차량관련 건설기계 작업계획을 작성/검토/승인한 후 작업을 수행합니다.
,,,,," 일반차량 및 보행자 통행에 대한 대책 미비, 가옥 등 구조물, 작업장 주변 장애물로 인해 발생하는 사고입니다."," 작업 전 업무 관련 요소를 정확하게 파악하고, 작업계획을 수립/검토/승인한 후 작업을 실시합니다."
,,,,, 소음 및 먼지 발생," 소음, 분진을 최소화하는 작업방식 선택"
,,,,, 굴삭기 스윙으로 인한 주변 작업자 부상, 장비 접근 차단
,,,,, 굴삭기 회전반경 내 접근하는 작업자로 인한 협착 및 충돌,1. 굴삭기의 작업 반경(10m) 이내에 고무콘을 설치하고 관리자 이외의 접근을 금지합니다.
,,,,,, 2. 업무를 전달하거나 지시할 때에는 손짓으로 확인하고 접근하세요.
,,,,,, 3. 굴삭기 회전반경 내 밀착작업 배제
,,,,,, 4. 작업가이드 배치 (작업 전 가이드 교육 5분 실시)
,,,,, 굴삭기 버킷 분리로 인한 주변 차량 및 인원의 충돌 및 협착, 1. 탈부착형의 경우 매일 작업 전 안전핀의 체결 상태를 확인하십시오.
,,,,,, 2. 고정형의 경우 정기적으로 연결상태를 확인하시기 바랍니다.
,,,,, 장비 후면에 위험 경고등을 부착하지 않음으로 인한 협착, 1. 경고등 및 위험표지의 부착
,,,,,," 2. 후방카메라 작동상태, 후진경고음, 수축방지봉을 설치 및 점검합니다."
,,,,,, 3. 굴삭기 사각지대 방향(반시계방향)으로의 회전을 금지합니다.
,,,,장비작업(적재), 하역시 장비 접촉 및 낙하물 발생, 적재 장비 운영자 및 덤프 운전자를 위한 신호 시스템 구축 작업자의 적재 구역 접근 금지
,,,,, 빠른 속도로 운전하는 덤프트럭, 덤프 작업 속도 규정 준수(10km/h 이하)
,,,,, 장비 운영자의 불안전한 행동(음주 등), 장비 운용 전 작업자의 건강 상태를 철저히 확인하세요.
,,,,, 가파른 경사로 주행 중 덤프트럭이 도로 바깥쪽으로 전복, 급경사면에서 작업할 경우에는 h:1.0m 기준으로 토제를 설치하십시오.
,,,,, 부적절한 신호 위치로 인한 사고, 적재 작업 중 굴삭기 및 덤프 트럭 운전자가 볼 수 있는 장비 작업 반경 외부의 신호
,,,,, 근로자가 하역 작업장에 진입하여 발생한 사고," 굴삭기 회전 등 작업 반경 진입 금지, 신호 가드 배치"
,,,,, 굴삭기 작업 중 버킷이 떨어짐, 1. 접속 이상 등을 사전 확인하고 작업을 수행한다.
,,,,,, 2. 굴삭기 안전핀 고정 및 식별태그 설치
,,,,,작업 계획을 세우지 않고 차량 관련 건설 장비 작업 중 사고, 작업 전 차량관련 건설기계 작업계획을 작성/검토/승인한 후 작업을 수행합니다.
,,,,,버킷 유압 플러그 안전핀 고장으로 인해 버킷이 연결부에서 분리되어 넘어질 위험이 있습니다., 버킷 연결용 유압 커플러 안전핀 정밀 검사 및 조종석 작동 장치 확인
,,,,, 굴삭기 버킷 분리로 인한 주변 차량 및 인원의 충돌 및 협착, 1. 탈부착형의 경우 매일 작업 전 안전핀의 체결 상태를 확인하십시오.
,,,,,, 2. 고정형의 경우 정기적으로 연결상태를 확인하시기 바랍니다.
,,,,, 굴삭기 운전 또는 회전시 주변 작업자와의 충돌, 1. 굴삭기 회전반경 내 밀착작업 배제
,,,,,, 2. 장비에 접근할 때는 접근하기 전에 장비 운영자와 신호를 교환하십시오.
,,,,, 버킷과 운송 트럭에 과도한 하중이 가해 경석이 떨어집니다., 1. 편하중의 적재를 금지하고 운전자의 시야 확보
,,,,,, 2. 작업 전 장비 운영자 및 신호원을 대상으로 안전 교육을 실시합니다.
,,,,,, 3. 운전자는 장비에서 하차할 때 반드시 안전모를 착용해야 합니다.
,,,,, 재료의 과부하로 인해 전도 발생, 1. 자재 운반시 과적을 하지 마십시오.
,,,,,, 2. 신호수를 배치하여 이동을 제어합니다.
,,,,,,3. 궤도상 수송시에는 저속(10km/h)으로 수송한다.
,,,, 장비수리/기타업무, 굴삭기를 이용한 파이프 운반," 용도 외 사용 금지, 장비 후크 해제 장치, 주변 통제 조치"
,,,,, 우천 시 장비 침수, 비가 올 경우 침수된 지역에 주차하지 마십시오. 높은 곳에 주차하세요.
,,,,, 장치 키를 삽입하여 작업을 완료하세요, 장비의 열쇠는 운전자가 별도로 보관합니다.
,,,,, 굴삭기로 작업할 때는 단일 라인 행거가 사용됩니다., 자재를 들어 올릴 때 2줄 행거를 사용하여 안전하게 결속합니다.
,,,,, 들어올려진 화물 밑으로 근로자가 진입하여 발생한 사고, 리프팅 작업 중 화물 바닥에 접근 통제 조치가 취해집니다.
,,,,," 점검, 유지보수 등의 작업 중 전동 공구 사용 중 누전이 발생합니다.", 전동공구 등의 사전점검을 철저히 합니다.
,,,,, 수리 및 점유 작업 중 차체 아래 작업," 표지판 설치(점검, 유지보수)"
,,,,,, - 차체 아래로 들어가지 마세요.
,,,,,, - 안전블록과 안전지지대를 사용하세요.
,,,,, 운전자가 차량에서 하차할 때 브레이크 시스템의 고장 등으로 인한 차량의 예상치 못한 움직임으로 인한 협착 및 추락.,1. 장비 하차 시 좌측 브레이크 레버를 고정 위치에 놓거나 엔진을 끄고 하차하십시오.
,,,,,, 2. 굴착기는 평지에 주차해야 합니다(토공사 가장자리나 경사면에 주차 금지).
6, 더미 운전,,, 운전, 하부 철제비계를 설치하지 않은 채 파일드라이버나 크레인을 이동시키면 장비가 넘어지는 경우가 있습니다., 파일 및 크레인 이동 시 신호수 배치
,,,,," 드라이버의 나사연결부 일부를 분해하기 위한 하부오거 작업이 진행되는 동안, 드라이버의 드라이버가 상부오거를 하강시키며 상부오거에 의해 찌그러지게 된다.", 작업자와 작업자 간 신호체계 구축 및 친숙도 확보
,,,,,," 사각지대 해소를 위한 거울, 카메라 등 설치"
,,,,,, 플래그맨 플레이스
,,,,,, 운전석 이외의 장비를 탑승하고 근처에 작업물이 있는지 확인하세요.
,,,,,"로드 파일 구간에서는 파일 드라이버의 후크가 고정 너트에서 떨어져 나가고, 후크에 부착된 진동 해머도 함께 떨어져 주변 물체에 부딪혀 작업자가 추락하는 사고가 발생했습니다.", 낙하물 위험 구역 진입 금지 식별 조치
,,,,,, 신호수 또는 태스크 리더 배치
,,,, 장비 수입 및 조립작업, 장비를 싣고 내릴 때 장비가 넘어지는 현상, 장비의 하역위치를 철저히 선정하고 하역작업계획을 수립한 후 작업을 수행한다.
,,,,, 기계 삽입 작업 중 회수 화물과 물체 사이.," 작업자는 회수된 화물에서 멀리 떨어져 있어야 하며, 회수된 화물과 물체 사이에 들어가지 않도록 해야 합니다."
,,,,, 리프팅 장치 손상으로 인한 기계 낙하, 인양화물에 적합한 리프팅 장치를 선택하고 작업 시작 전 점검을 실시합니다.
,,,,, 슬링벨트나 와이어로프 파손으로 인한 기계 낙하,"작업 시작 전 슬링벨트, 와이어로프 점검"
,,,,, 작업자들이 회수된 화물과 접촉함, 신호수 배치 및 신호 확인
,,,,, 장비를 조립할 때, 핀이나 물웅덩이에 손이나 손가락을 넣지 마십시오.
,,,,, 장비배치 이동시 파일드라이버가 뒤집어집니다., 파일드라이버를 이동할 때에는 철판을 깔고 이동하십시오.
,,,,, 장비조립 작업대를 설치하지 않고 고소작업을 할 때, 장비 조립시 이동식 비계 설치 후 작업
,,,,, 지게차 운전자의 미숙으로 인한 하역, 지게차 운전자의 자격을 사전에 확인하고 작업을 진행합니다.
,,,,, 지게차 후방에 경고등을 설치하지 않고 후진하는 지게차의 경우., 지게차 후방에 경고등을 설치하여 인근 작업자에게 경고합니다.
,,,,, 조립작업중, 조립작업 중 신호체계 구축 및 공구를 이용한 조정
,,,,,전기 기계 장비 등의 단락," 작업 전 전기취급 전문가가 전기기계, 조명기기 등의 단락 여부를 점검한 후 작업을 수행합니다."
,,,,, 중장비 부재를 들어올려 설치할 때 리프팅 장비가 넘어져 리프팅 로프가 끊어지는 현상이 발생합니다., 중량물 취급 및 차량 기반 건설 장비에 대한 작업 계획 수립 및 검토/승인 후 작업 수행
,,,,,작업장 주변의 고압선과 접촉, 장비조립현장 주변의 고압선 등 장애물 상태를 확인한다.
,,,,, 파일 드라이버나 크레인을 설치하거나 이동할 때 하부 철제 비계가 부족하여 장비가 넘어지는 경우가 있습니다., 파일 및 크레인 이동 시 신호수 배치
,,,, 장비점검업무, 후크 해제 장치 결함, 후크 해제장치 사용시 철저한 정기점검
,,,,, 장비 정기점검 미흡으로 인한 안전장치 오작동으로 인한 사고, 사용 전과 사용 중에 장비를 자주 점검하여 안전한 상태를 유지하십시오.
,,,,, 시브 표면 부식 손상으로 인한 와이어 파손 (로프 이탈 방지 장치 미설치)," 무부하 상태에서의 회전 소모량, 유격 등을 철저히 점검하고 소모성 부품 적기 교체 준수 (시브에 로프 이탈 방지 장치 설치)"
,,,,," 리프팅 소켓 터미널 처리 미흡, 클립 풀림", 단일 와이어 로프 라인에 클립을 부착하고 단일 와이어 로프 라인에 와이어 로프를 추가한 다음 클립을 고정합니다.
,,,,, 체크리스트 없이 장비 점검 시 점검항목 누락으로 인한 사고, 점검 중 점검 체크리스트를 작성하여 점검 영역 누락을 방지합니다.
,,,,,크레인 작업계획 및 중량물 취급 작업계획 미수립으로 인한 작업중 재해, 크레인 장비 작업 전 차량형 건설장비 작업계획서와 중량물 취급 작업계획서를 작성합니다.
,,,,, 장비 전문가의 점검 미흡으로 인한 사고, 장비 전문가의 정기적인 점검
,,,, 장비이동작업, 운전자가 신호원의 신호를 인식하지 못해 작업 중 사고, 작업상황을 확인하기 위해 신호등이 보이는 위치에 운전자와 신호원이 배치됩니다.
,,,,,장비 이동시 지반의 다짐 불량으로 장비 전복, 장비를 이동하거나 지반을 다짐할 때에는 바닥에 철판을 얹고 이동하십시오.
,,,,, 철판 작업을 하다가 철판이 떨어집니다., 추락 위험을 방지하기 위해 로프를 단단히 묶어야 합니다.
,,,,, 바닥에 철판을 설치하는 작업이 진행중입니다, 철판 설치시 끼임사고가 발생하지 않도록 주의하세요.
,,,,, 가동부 내 고압선과 접촉, 작업물을 옮기기 전 주변 상황을 확인하고 안전조치를 취한 후 작업하세요.
,,,,, 장비이동 등 작업계획 미수립으로 인한 추락 등의 사고, 장비 이동시 안전 대책 수립 계획 등을 작성/검토/승인한 후 작업을 수행합니다.
,,,, 드릴링 작업, 드릴 붐과 리더 사이의 연결이 드릴링 머신 아래의 지반 침하 방지 조치를 취하지 않아 끊어졌습니다.,"침목, 강판 등을 이용하여 침하방지 조치를 하고, 붐바와 리더의 연결 및 용접상태를 점검한 후 작업한다."
,,,,, 로드 교체시," 안전벨트 착용 등 안전장비를 착용하고, 낙상방지를 위한 개폐커버 및 위험표지판을 부착합니다."
,,,,, 부적절한 장비 및 열악한 작업자 기술, 장비 관련 법률 문서 및 운영자 자격 문서 수집
,,,,, 파일 드라이버와 어셈블러 간의 신호 불일치, 신호방식 및 신호중계 가이드 배치에 대한 사전협의
,,,,, 시추 작업 및 이동 중 지반 침하로 인한 장비 전복, 천공기 하부 지반 침하 방지 대책(강판 25mm 이상)
,,,,, 드릴링 작업 중에 흙 덩어리가 나사 상단에서 떨어집니다.," 커버 설치, 유자격 파일 작업자 모집, 오작동 방지 교육"
,,,,,전기 기계 장비 등의 단락,"작업 전 전기 취급 전문가가 전기 기계, 조명 장비, 워터 펌프 등의 단락 여부를 점검하고 작업을 수행합니다."
,,,,, 장비 작업 시 주변 고압선과 접촉하십시오.," 주변 고압선 재배치, 보호장비 설치, 작업 중 모니터 배치."
,,,,, 도심지 드릴작업으로 인한 소음 및 비산먼지," 도심지 굴착에 적합한 장비를 선정하고 소음, 진동, 비산먼지 저감장치를 설치합니다."
,,,,, 작업 중 지상이나 지하의 고압선과의 접촉 등 장애물에 대한 손상, 작업 중 장애물 및 안전대책을 철저히 조사한 후 작업을 진행합니다.
,,,, 파일 침투 작업, 파일 관통을 위해 진동 해머로 작업할 때 장비가 넘어짐, 진동 해머 코디네이터를 통한 주변 작업자 출입 통제 및 신호 통일
,,,,,삽입되지 않은 파일의 와이어로프를 제거할 때, 고소작업을 위한 견고한 발판과 안전벨트 착용
,,,,," 손상으로 인해 와이어로프가 끊어지고, 와이어로프가 후크에서 떨어지게 됩니다."," 작업 전 와이어로프의 손상 여부를 점검하고, 이탈 방지를 위한 후크 해제 장치를 설치하십시오."
,,,,, 크레인 회전, 신호원을 배치하여 장비를 안내하고 작업자 등 주변 지역에 대한 접근을 통제합니다.
,,,,, 파일을 들어올릴 때 흔들림, 파일 인양 시 가이드 로프를 설치하여 인양 및 운반 시 흔들림으로 인한 충돌 사고를 방지합니다.
,,,,, 파일 처리 등 작업 중 회전체와 접촉, 파일 처리 전동 공구 로터 커버 설치
,,,,,전기 기계 장비 등의 단락,"작업 전 전기 취급 전문가가 전기 기계, 조명 장비, 워터 펌프 등의 단락 여부를 점검하고 작업을 수행합니다."
,,,,, 장비 작업 시 주변 고압선과 접촉하십시오.," 주변 고압선 재배치, 보호장비 설치, 작업 중 모니터 배치."
,,,,, 도심지 파일 삽입 작업 중 운반 중 파일 낙하 및 충돌, 안전한 작업방법 검토/승인 후 작업 실시
,,,,, 작업 중 지상이나 지하의 고압선과의 접촉 등 장애물에 대한 손상, 작업 중 장애물 및 안전대책을 철저히 조사한 후 작업을 진행합니다.
,,,, 말뚝 박기 작업, 항타작업 중 파일붐붐이 파손되어 파일드라이더 리더가 넘어졌습니다.,"파일드라이버 붐의 견고성, 기계장치에 이상이 없는지 사전 점검 후 작업을 진행합니다."
,,,,, 드롭 해머 등, 드롭해머 HOLLE 보강 및 샤클 풀림방지 대책
,,,,, 운전 중 파일 파괴로 인한 파일 비산," 파일 항타 시 파일의 손상 여부를 관찰하고, 비산의 위험이 있는 경우 작업을 중지하고 파일을 교체하십시오."
,,,,, 해머 블로우 중 파일 손상으로 인한 파편 낙하, 해머의 적절한 추진력과 추진력을 유지
,,,,, 연약한 땅이나 장비의 안전하지 않은 설정으로 인해 장비가 전복됨, 연약지반에서의 장비작업시(작업중 및 이동시) 전복방지를 위한 팔레트 설치
,,,,, 내부에서는 뜨거운 작업이 진행 중입니다., 가능하면 화기 작업을 피하고 절단기 등을 사용할 때는 소화기를 가까이에 두십시오.
,,,,, 고속 절단기 작업 중에는 작업대가 이동하여 블레이드에 닿습니다.,고속 절단기를 사용하기 전에 절단기가 움직이지 않도록 단단히 고정하십시오.
,,,,, 결함이 있는 도구 사용, 사용하기 전에 기기 외함의 접지 상태를 확인하고 충전 장소에서 절연 조치를 취하십시오.
,,,,, 임시 전선 피복이 노출됨," 임시전선은 피복의 손상을 방지하기 위해 가공을 통해 배선하고, 손상된 전선은 작업 전 절연 처리합니다."
,,,,, 화물트럭에 승하차하면서 뛰어내리는 행위., 학생들에게 차량 로더에 오르거나 내릴 때 뛰어내리지 않도록 교육하십시오.
,,,,, 인력으로 지상에 쌓인 자재 운반시 자세 불량, 중량물 인력운송 교육 실시
,,,,,, 스트레칭 훈련 실시
,,,, 장비 수리 및 해체 작업, 열악한 장비 수리 작업 위치, 장비를 수리할 때에는 장비를 최대한 지면에 가깝게 작업한다(수리작업계획 수립)
,,,,, 장비 상부 분해시,높은 곳에서 장비를 분해할 때는 안전벨트를 착용하세요.
,,,,, 장비 수리 중 무거운 물건에 끼임, 철저한 로프작업과 소품사용 등
,,,,, 떨어지는 장비 및 도구, 조립용 장비 인양시 전도 및 협착 방지 및 출입통제
,,,,, 역방향 장비, 후방경고장치 및 후방카메라 설치
,,,,, 장비 전복 사고, 장비 완전 분해 후 팔레트 제거
,,,,, 자재운송차량 후진, 차량 기반의 하역운송 기계를 사용할 경우 가이드를 배치하여 안내해 주십시오.
,,,,, 해체된 장비 부재를 들어올리던 중 로프가 끊어짐, 회수로프의 철저한 사전점검
,,,,, 결함이 있는 도구 사용, 사용하기 전에 기기 외함의 접지 상태를 확인하고 충전 장소에서 절연 조치를 취하십시오.
,,,,, 임시 전선 피복이 노출됨, 임시 전선을 정기적으로 배선하고 점검하여 손상되지 않았는지 확인하십시오.
,,,,, 장비해체 작업지시 미준수로 인한 자체 반력으로 인한 튕김,장비를 해체하기 전 분해 절차 및 방법에 대한 교육을 받은 후 실시합니다.
7, 불도저,,, 작업을 가져오는 장비,장비 반입시 수입절차를 준수하지 않아 발생한 사고, 장비 수입 절차를 준수하여 업무를 수행합니다.
,,,,, 작업조건 및 토양조건에 적합하지 않은 도저 반입으로 인한 작업중 사고, 장비반입 전 토양상태를 확인하고 장비선정을 철저히 하여야 한다. (습지작업시에는 지압 0.25kg/cm² 폭슈의 습지도저를 사용한다.)
,,,,, 조수석 외에도 작업자들이 탑승하여 이동하고 있습니다., 근로자는 조수석 이외의 장소에 탑승할 수 없습니다.
,,,,, 불도저 역방향," 사각지대를 방지하기 위해 불도저 후면 정중앙에 후방카메라를 설치하고, 사용 전 카메라 작동상태를 확인하세요."
,,,,, 장비 반입 시 작업 차량 및 작업자에 대한 통제가 부족함, 장비 반입 시 차량 안내 신호를 배치하여 차량 및 작업자를 통제합니다.
,,,,, 차량에서 하역할 때 장비가 넘어짐," 장비 하역 위치 및 위치 확보 (경사지, 노면 하역 금지)"
,,,,, 장비 반입시 차량 이상 여부 확인 미흡으로 인한 사고," 장비를 반입할 때 엔진 오일, 브레이크, 클러치, 유압 시스템, 경보 시스템, 헤드라이트, 타이어 및 크롤러 트랙의 상태와 부착 장치의 상태를 확인하십시오."
,,,,, 장비 하역 및 적재 진행 중, 장비 반입시 신호원을 배치하고 운전 전 운전자 등을 확인하십시오.
,,,,,작업 계획을 세우지 않고 차량 관련 건설 장비 작업 중 사고, 작업 전 차량관련 건설기계 작업계획을 작성/검토/승인한 후 작업을 수행합니다.
,,,,, 장비 관련 보험 및 무자격 운전자로 인한 작업 중 사고, 보험 등 장비 관련 서류 확인 및 운전자 자격 확인
,,,, 장비점검업무, 장비 반입시 차량 이상 여부 확인 미흡으로 인한 사고,"장비를 반입할 때 엔진 오일, 브레이크, 클러치, 유압 시스템, 경보 시스템, 헤드라이트, 타이어 및 크롤러 트랙, 부착물 상태 등을 점검하십시오."
,,,,, 조수석 외에도 작업자들이 탑승하여 이동하고 있습니다., 근로자는 조수석 이외의 장소에 탑승할 수 없습니다.
,,,,, 불도저 역방향," 사각지대를 방지하기 위해 불도저 후면 정중앙에 후방카메라를 설치하고, 사용 전 카메라 작동상태를 확인하세요."
,,,,, 궤도 노후화로 인한 이탈, 장비를 사용하기 전 선로의 노후상태 등을 확인 후 작업한다.
,,,,, 선로연결핀 및 볼트의 유실로 인한 작업중 선로 이탈, 작업 전 선로의 연결핀과 볼트의 체결상태를 확인하십시오.
,,,,, 불도저가 뒤로 움직일 때, 후진 경보는 후진 시 자동으로 활성화되며 장비를 처음 반입할 때 철저한 검사를 받습니다.
,,,,, 불도저를 이동할 때 블레이드(삽)가 낮은 높이로 구동됩니다., 이동시 삽날 높이를 30~50cm로 유지하세요.
,,,,, 경사면에서 조향할 때 장비는 앞으로 조향하면서 넘어집니다., 경사로 조향 시 역조향이 수행됩니다.
,,,,, 브레이크 파열로 인한 장비 낙하,작업을 시작하기 전에 브레이크가 정상적으로 작동하는지 확인하십시오.
,,,,," 점검, 유지보수 등의 작업 중 전동 공구 사용 중 누전이 발생합니다.", 전동공구 등의 사전점검을 철저히 합니다.
,,,,, 수리 및 작업 작업 중 차체 아래에서 작업합니다.," 표지판 설치(점검, 유지보수)"
,,,,,, - 차체 아래로 들어가지 마세요.
,,,,,, - 안전블록과 안전지지대를 사용하세요.
,,,,,작업 계획을 세우지 않고 차량 관련 건설 장비 작업 중 사고, 작업 전 차량관련 건설기계 작업계획을 작성/검토/승인한 후 작업을 수행합니다.
,,,,, 장비 관련 보험 및 무자격 운전자로 인한 작업 중 사고, 보험 등 장비 관련 서류 확인 및 운전자 자격 확인
,,,, 설비공사(베토판), 조수석 외에도 작업자들이 탑승하여 이동하고 있습니다., 근로자는 조수석 이외의 장소에 탑승할 수 없습니다.
,,,,, 가파른 경사면을 주행할 때 브레이크 고장, 경사로를 주행할 때에는 엔진 브레이크를 사용하고 정기적으로 브레이크에 이상이 없는지 점검하십시오.
,,,,, 불도저 역방향, 후진 경보는 후진 시 자동으로 활성화되며 장비를 처음 반입할 때 철저한 검사를 받습니다.
,,,,, 불도저를 이동할 때 블레이드(삽)가 낮은 높이로 구동됩니다., 이동시 삽날 높이를 30~50cm로 유지하세요.
,,,,, 절단 깊이를 무리하게 높이면 비드가 무너지고 장비가 무너집니다.," 사용하는 기계의 종류와 능력에 따라 전복 및 낙하 방지 대책(패들 폭 유지, 어깨 붕괴 방지, 가이드 배치)을 실시합니다."
,,,,, 경사면에서 조향할 때 장비는 앞으로 조향하면서 넘어집니다., 경사로 조향 시 역조향이 수행됩니다.
,,,,, 브레이크 파열로 인한 장비 낙하,작업을 시작하기 전에 브레이크가 정상적으로 작동하는지 확인하십시오.
,,,,, 비토판 작업장 바닥에 접근 통제가 미흡하여 돌멩이 등이 바닥으로 떨어졌습니다., 비토판 작업장 하단에 출입통제 시설 및 모니터 배치
,,,,, 작업 계획을 작성하지 않고 차량 관련 건설 장비 작업, 작업 전 차량관련 건설기계 작업계획을 작성/검토/승인한 후 작업을 수행합니다.
,,,,, 장기간 장비를 사용하여 작업,장비 작업 시 귀마개를 엄격하게 착용하십시오.
,,,,, 불도저를 운전하다 보면 확인되지 않은 연약지반과 토사 가장자리로 인해 장비가 전복되는 경우가 있습니다., 1. 장비작업 전 지반상태를 확인하고 작업흐름을 확보한다.
,,,,,, 2. 작업구간 모서리 발생시 슈퍼콘을 설치하고 가시성을 확보한 후 작업한다.
,,,,, 불도저 운전시 주변기기나 작업자의 협착, 1. 불도저 이동 라인을 통한 다른 장비 및 인력의 접근은 금지됩니다.
,,,,,, 2. 장비 후진 경보음 확인
,,,, 장비공사(개보수), 조수석 외에도 작업자들이 탑승하여 이동하고 있습니다., 근로자는 조수석 이외의 장소에 탑승할 수 없습니다.
,,,,, 리퍼작업시 전방에 대한 부주의, 리퍼 작업 시 전방 도로 전체를 꼼꼼히 확인하세요.
,,,,, 불도저가 뒤로 움직일 때, 후진 경보는 후진 시 자동으로 활성화되며 장비를 처음 반입할 때 철저한 검사를 받습니다.
,,,,, 불도저를 이동할 때 블레이드(삽)가 낮은 높이로 구동됩니다., 이동시 삽날 높이를 30~50cm로 유지하세요.
,,,,, 리퍼 작업 중에 공급 회로 장비가 끝까지 떨어집니다., 리퍼 작업시 15도 이상 회전하지 마세요.
,,,,, 경사면에서 조향할 때 장비는 앞으로 조향하면서 넘어집니다., 경사로 조향 시 역조향이 수행됩니다.
,,,,, 브레이크 파열로 인한 장비 낙하,작업을 시작하기 전에 브레이크가 정상적으로 작동하는지 확인하십시오.
,,,,,작업 계획을 세우지 않고 차량 관련 건설 장비 작업 중 사고, 작업 전 차량관련 건설기계 작업계획을 작성/검토/승인한 후 작업을 수행합니다.
,,,,, 장기간 장비를 사용하여 작업, 장비 작업 시 귀마개를 엄격하게 착용하십시오.
,,,,, 불도저를 운전하다 보면 확인되지 않은 연약지반과 토사 가장자리로 인해 장비가 전복되는 경우가 있습니다., 1. 장비작업 전 지반상태를 확인하고 작업흐름을 확보한다.
,,,,,, 2. 작업구간 모서리 발생시 슈퍼콘을 설치하고 가시성을 확보한 후 작업한다.
,,,, 장비 수리 및 유지 보수 작업, 수리 작업 중 운전자 사고,부속품을 수리하거나 설치 또는 제거할 때 작업 리더를 지정하십시오.
,,,,, 장치 키를 삽입하여 작업을 완료하세요, 장비의 열쇠는 운전자가 별도로 보관합니다.
,,,,, 운전자 출발 시 안전조치 미흡으로 인한 사고," 운전자가 출발할 때에는 작업장비를 바닥에 내려놓고 모터를 멈추고 브레이크를 걸며, 경사면에서 정차할 때에는 초크를 설치하십시오."
,,,,," 불도저의 붐, 암 하단 수리 및 점검 중 붐이 예상치 않게 하강하는 현상", 붐이나 로워암을 수리하거나 점검할 때에는 반드시 안전블록이나 안전지주를 설치하세요.
,,,,," 점검, 유지보수 등의 작업 중 전동 공구 사용 중 누전이 발생합니다.", 전동공구 등의 사전점검을 철저히 합니다.
,,,,, 수리 및 작업 작업 중 차체 아래에서 작업합니다.," 표지판 설치(점검, 유지보수)"
,,,,,, - 차체 아래로 들어가지 마세요.
,,,,,, - 안전블록과 안전지지대를 사용하세요.
8, 콘크리트 펌프 자동차,,, 작업을 가져오는 장비,장비 반입시 수입절차를 준수하지 않아 발생한 사고, 장비 수입 절차를 준수하여 업무를 수행합니다.
,,,,, 장비 반입 시 작업 차량 및 작업자에 대한 통제가 부족함, 장비 반입 시 차량 안내 신호를 배치하여 차량 및 작업자를 통제합니다.
,,,,, 작업조건에 적합하지 않은 콘크리트 펌프차 반입으로 인한 작업중 사고," 작업장의 높이, 폭, 길이를 고려하여 펌프카를 선택하세요."
,,,,, 장비 반입시 차량 이상 여부 확인 미흡으로 인한 사고," 장비 반입 시 엔진 오일, 브레이크, 클러치, 유압 시스템, 경보 시스템, 헤드라이트, 타이어, 부속품 상태 등을 점검하십시오."
,,,,,작업 계획을 세우지 않고 차량 관련 건설 장비 작업 중 사고, 작업 전 차량관련 건설기계 작업계획을 작성/검토/승인한 후 작업을 수행합니다.
,,,,, 장비 관련 보험 및 무자격 운전자로 인한 작업 중 사고, 보험 등 장비 관련 서류 확인 및 운전자 자격 확인
,,,, 장비점검업무, 장비 반입시 차량 이상 여부 확인 미흡으로 인한 사고,"장비 반입 시 엔진 오일, 브레이크, 클러치, 유압 시스템, 경보 시스템, 헤드라이트, 타이어 및 부속품 등의 상태를 확인하십시오."
,,,,, 압력전달관 결합부분의 조임 불량 및 안전핀 체결 불량으로 인해 이탈이 발생합니다.," 결합부의 안전한 조임 상태를 확인하고, 핀 장착 상태를 확인하세요."
,,,,, 호스와 붐 사이에 안전링이 설치되지 않아 호스가 떨어졌습니다., 회전에 따른 커플링의 마모로 인해 호스부분이 떨어질 위험이 있으므로 안전링을 설치하십시오.
,,,,, 노후된 이송관과 배관자재의 불량으로 인한 파열로 콘크리트가 비산됩니다., 콘크리트를 타설하기 전 굴곡진 부위와 펌프카 이송관을 점검하고 마모된 부품을 교체하십시오.
,,,,, 아우트리거 상태가 좋지 않습니다," 아우트리거 용접부위, 지지부위 등을 정밀검사합니다."
,,,,, 압력관 연결 불량,이송배관의 연결상태에 이상이 있는지 점검을 실시한다.
,,,,, 브레이크 파열로 인한 장비 낙하,작업을 시작하기 전에 브레이크가 정상적으로 작동하는지 확인하십시오.
,,,,," 점검, 유지보수 등의 작업 중 전동 공구 사용 중 누전이 발생합니다.", 전동공구 등의 사전점검을 철저히 합니다.
,,,,, 수리 및 작업 작업 중 차체 아래에서 작업합니다.," 표지판 설치(점검, 유지보수)"
,,,,,, - 차체 아래로 들어가지 마세요.
,,,,,, - 안전블록과 안전지지대를 사용하세요.
,,,,,작업 계획을 세우지 않고 차량 관련 건설 장비 작업 중 사고, 작업 전 차량관련 건설기계 작업계획을 작성/검토/승인한 후 작업을 수행합니다.
,,,,, 장비 관련 보험 및 무자격 운전자로 인한 작업 중 사고, 보험 등 장비 관련 서류 확인 및 운전자 자격 확인
,,,, 장비설치공사, 경사면 끝 부분에 설치 작업 중, 경사면 끝부분은 안전한 거리를 두고 설치됩니다.
,,,,, 경사면에 설치하여 작업, 펌프카를 설치할 때 평평한 표면에 수평을 유지하십시오.
,,,,, 단방향 아우트리거 설치 또는 부분 확장 설치 작업, 아우트리거를 양방향으로 완전히 확장하여 설치
,,,,," 아우트리거 설치시 아우트리거, 구조물, 아우트리거 및 장비", 아우트리거 설치 시 주변 상황을 꼼꼼히 확인하세요.
,,,,, 미설치 또는 부적절한 아우트리거 안티싱크 지지로 인해 펌프카가 전복되는 경우, 아웃리거 안티싱크 지지대의 철저한 설치
,,,,, 노후된 이송관과 배관자재의 불량으로 인한 파열로 콘크리트가 비산됩니다., 콘크리트를 타설하기 전 굴곡진 부위와 펌프카 이송관을 점검하고 마모된 부품을 교체하십시오.
,,,,, 압력전달관 결합부분의 조임 불량 및 안전핀 체결 불량으로 인해 이탈이 발생합니다.," 결합부의 안전한 조임 상태를 확인하고, 핀 장착 상태를 확인하세요."
,,,,, 고압선 주변의 크레인 작업 중 선과의 접촉," 고압선 보호관 설치, 모니터 배치 및 이격거리 준수"
,,,,,공간적 제약으로 아웃리거 확장공사 진행 중, 펌프카 설치 장소 및 장소 확보 및 자재 정리
,,,,, 작업계획 및 중량물 취급 작업계획 미수립으로 인한 작업중 재해, 작업 전 차량 하역 및 운송 기계 작업 계획과 중량물 취급 작업 계획을 준비하십시오.
,,,,, 운송차량 입출고 작업 진행 중, 도로 구역 설정 및 통제 조치
,,,,, 콘크리트 펌프카 설치 전 주변 전선 등 장애물을 확인하지 못해 발생한 사고," 콘크리트 타설 전 전선 점검 및 보호 조치를 취하고, 타설 전 붐과 접촉할 수 있는 주변 환경을 확인하고, 작업 시 주의사항을 교육한다."
,,,,, 장비 사용법에 대한 지식 부족으로 인한 오작동," 지정 사업자만 이용하도록 관리를 철저히 모니터링하고, 작업 시작 전 자격을 확인합니다."
,,,, 콘크리트 적재작업, 과도한 접근으로 콘크리트 운반차량이 펌프카와 충돌,펌프카 충돌방지를 위한 정지선 설치 운반차량 진입시 신호원 배치
,,,,, 콘크리트 반입시 차량과 작업자의 충돌, 콘크리트 반입시 차량 신호 가이드를 배치하여 작업하십시오.
,,,,, 노후된 이송관과 배관자재의 불량으로 인한 파열로 콘크리트가 비산됩니다., 콘크리트를 타설하기 전 굴곡진 부위와 펌프카 이송관을 점검하고 마모된 부품을 교체하십시오.
,,,,, 사용된 전선의 피복이 노출되어 충전부에 접촉됩니다.," 사용 전, 사용 중 임시 전선 점검 및 가공 전선 설치"
,,,,, 자재검사 미흡으로 시공 후 시공 불량," 콘크리트를 반입할 때에는 슬럼프, 골재치수 등 자재를 철저하게 검사한다."
,,,,, 지상 조립을 위해 이동 중 자재에 걸려 넘어짐, 집회장 통로 분리 및 통로 내 자재 적재 금지
,,,,,부재중인 인원을 태운 상태에서 혼자서 과도하게 물건을 들어올리는 행위, 인력에 의한 중량물 운반이 불가능한 장비를 이용한 작업
,,,,, 운송차량 입출고 작업 진행 중, 도로 구역 설정 및 통제 조치
,,,,, 작업장에 들어오는 차량 및 기타 장비, 작업장 청소 및 기타 장비에 대한 차량 접근 통제
,,,, 콘크리트 타설작업, 리믹스 콘크리트 운반트럭이 후진할 때, 장비 신호 배치 제어
,,,,, 콘크리트 타설 중 슬래브 가장자리에 추락, 슬래브 끝과 개구부 끝에 안전 난간을 설치합니다.
,,,,, 콘크리트 타설방식 불량(집중타설로 인해 편심하중 발생), 콘크리트 타설순서 준수(분산타설로 편심하중 방지)
,,,,, 자재를 들어 올릴 때에는 하나의 로프걸이로 묶어서 들어 올리는 동안 자재가 떨어지는 것을 방지하십시오., 들어올릴 때에는 로프걸이 2개로 단단히 묶은 후 무게중심을 조절하여 수직으로 들어올린다.
,,,,, 콘크리트 타설 중 펌프카 전복,지면상태를 확인하고 펌프카 아우트리거와 지지강판을 설치합니다.
,,,,, 콘크리트 타설 시 이송관 손상으로 인해 콘크리트 잔여물이 비산되는 현상이 발생합니다., 주입하기 전에 압력관이 손상되거나 변형되거나 부식되었는지 확인하십시오.
,,,,, 콘크리트 타설시 호스 연결부분의 결속 불량으로 인한 파손, 와이어로프나 안전로프 등으로 호스를 묶고 쏟아지는 속도를 관찰한다.
,,,,, 진동기 등 전동 공구 사용, 사용하기 전에 기기 외함의 접지 상태를 확인하고 충전 부위에 절연 조치를 취하십시오.
,,,,, 임시 전선 피복이 노출됨," 임시전선은 피복의 손상을 방지하기 위해 가공을 통해 배선하고, 손상된 전선은 작업 전 절연 처리합니다."
,,,,, 콘크리트를 타설할 때에는 한곳에 타설한다., 콘크리트 타설 순서 및 방법 교육 후 작업
,,,,, 펌프카 설치 및 사용시 주변 고압선에 접촉하십시오., 펌프카 붐 설치시 주변 고압선에 보호관을 설치하고 인덕터를 배치하며 이격거리를 유지하십시오.
,,,,, 시멘트와 피부 접촉,쏟아지는 작업자는 보호복과 보호복을 착용해야 합니다.
,,,,, 주변소음의 영향으로 신호가 전달되지 않아 후진시 레미콘이 신호원과 충돌할 경우 협착의 위험이 있습니다., 신호원 배치/다른 작업자 접근 금지/반사경 설치 여부 확인
9, 지게차,,, 작업을 가져오는 장비,장비 반입시 수입절차를 준수하지 않아 발생한 사고, 장비 수입 절차를 준수하여 업무를 수행합니다.
,,,,, 장비 반입 시 작업 차량 및 작업자에 대한 통제가 부족함, 장비 반입 시 차량 안내 신호를 배치하여 차량 및 작업자를 통제합니다.
,,,,, 작업조건에 적합하지 않은 지게차 반입으로 인한 작업중 사고," 하역 및 운송자재의 중량, 부피, 하역위치에 적합한 지게차를 선택하세요."
,,,,, 지게차를 후진할 때," 지게차 반입 시 후방경보장치, 후방카메라 등 사각지대를 확인할 수 있는 장비를 지참하여 사용하시기 바랍니다."
,,,,, 장비 반입시 차량 이상 여부 확인 미흡으로 인한 사고," 장비 반입 시 엔진 오일, 브레이크, 클러치, 유압 시스템, 경보 시스템, 헤드라이트, 타이어, 부속품 상태 등을 점검하십시오."
,,,,,작업 계획을 세우지 않고 차량 관련 건설 장비 작업 중 사고, 작업 전 차량관련 건설기계 작업계획을 작성/검토/승인한 후 작업을 수행합니다.
,,,,, 장비 관련 보험 및 무자격 운전자로 인한 작업 중 사고, 보험 등 장비 관련 서류 확인 및 운전자 자격 확인
,,,, 장비점검업무, 비지정근로자의 운전으로 인한 사고," 지정된 사람(자격 보유자, 회사 면허 소지자)만 운전해야 합니다."
,,,,, 작업 시작 전 자재 형상 확인 미흡으로 인한 사고,"자재의 종류, 무게, 형상, 자재취급요령 등을 확인하신 후 작업하세요."
,,,,, 시간별 불특정 운송량으로 인한 사고," 작업 전 운송량, 시간별 크기, 무게를 결정한 후 작업합니다."
,,,,, 등받이 및 헤드가드 미설치로 인한 사고, 등받이와 머리 보호대 없이 지게차를 운전하지 마십시오.
,,,,, 작업 전 지게차 상태 점검 미흡으로 인한 사고, 작업 전에 다음 항목을 확인하십시오.
,,,,,, - 브레이크 및 제어장치 기능
,,,,,, - 하역장치 및 유압장치 기능
,,,,,, - 휠 상태
,,,,,," - 헤드라이트, 미등, 경고등,"
,,,,,, - 방향지시 기능
,,,,,, 경보 장치 기능
,,,,, 지게차 작업계획 미비로 인한 사고," 작업장의 면적과 지형, 화물의 종류와 형태"
,,,,,,"지게차의 종류와 성능, 운행경로, 작업방법 등에 대한 계획을 수립하고 작업자에게 교육을 실시합니다."
,,,,, 단지내 고속주행, 사업장 내 지정속도 10km/h 운영
,,,, 하역/적재 작업, 포크는 지게차 하역을 위해 자재 운송 차량의 하역장에서 작업하는 작업자에게 빠르게 접근합니다., 지게차 운전자가 신호원의 신호에 따라 작업할 수 있도록 안전 교육을 제공합니다.
,,,,, 지게차 작업 통로가 잘못 분할되어 발생한 사고, 지게차 작업통로 구간을 지정 운영하고 있습니다.
,,,,, 화물에 맞지 않도록 FORK를 열어 작업하십시오., FORK를 안전한 너비로 열고 화물의 균형을 고려하여 하역합니다.
,,,,, 전방 시야가 확보되지 않고 화물 적재가 불량함, 전방 가시성을 확보하기 위해 포크를 지면에서 약 30cm 간격으로 작동하십시오. 불안전한 화물을 적재하지 마십시오.
,,,,,"지게차 하역 작업 반경 내 출입, 후진 경보, 후방 감시 카메라 미설치"," 지게차 하역작업구역 출입금지, 후진경보, 후방감시카메라 설치"
,,,,, 언로드 작업 중 백업," 지게차 하역작업구역 출입금지, 후진경보, 후방감시카메라 설치"
,,,,, 적재 작업 중 포크나 자재에 발이 끼이는 사고," 적재 시 포크나 재료 밑에 몸을 넣지 말고, 지지대를 이용하여 적재하세요."
,,,,, 과부하 및 급회전, 중량물 과적 금지 및 운전 중 급회전 방지를 위한 운전자 교육 실시
,,,,, 화물 적재 불량, 화물의 종류에 따른 적재방법을 수립하고 작업을 수행합니다.
,,,,, 설비작업계획수립 미흡으로 인한 안전사고, 설비작업 전 작업계획을 수립/검토/승인한 후 작업을 수행합니다.
,,,,, 자재 하역 시 지게차가 한쪽으로 기울어져 전복 및 협착의 위험이 있습니다.,"적재 전 적재물의 중심위치를 정확히 확인하시고, 허용하중(5톤)을 초과하지 않도록 하십시오."
,,,,, ＃," 지게차의 구조, 자재, 포트, 제동장치, 조향장치 등에 안전관리자가 이상이 없는지 점검한 후 작업이 시작됩니다."
,,,,, 지게차 자재 하역시 허용하중 초과 및 가이드 이격거리 미준수로 인한 전복 및 협착의 위험이 있습니다., 작업 전 차량 반대편의 고무콘이나 웨빙 스트립에 접근하지 마십시오. / 허가된 차량을 배치하십시오. / 신호원과 5m 이격 거리를 확보하십시오. 지게차 운전자는 안전벨트를 착용하고 문을 닫습니다.
,,,,, ＃,
,,,,, ＃, 사전 설치된 PC부재와의 충돌 방지를 위해 동선/신호원 없이 지게차 이동을 금지합니다. (PC 충돌사고 발생)
,,,,, 지게차를 내리는 동안 포크 삽입 불량으로 인해 뒤쪽 자재 묶음이 떨어집니다.,"작업 전 차량 반대편 고무콘이나 웨빙 스트랩에 접근하지 마세요 / 지게차와 5m 이상 이격거리 확보 / 지게차 운전자는 안전벨트 착용, 출입문 닫으세요"
,,,,, ＃, 현장 입구에서는 가이드와 동행하여 자재 반입/통로 주변에 최대한 하역/시설물을 설치하여 출입을 금지합니다.
,,,,, ＃, 차량 가이드 평가 및 교육 수료자 배치 / 지게차 하차 시 열쇠 관리 철저 / 차량 가이드 및 시험 합격자 배치 (21년 1분기 교육 수료자에 한함)
,,,,, ＃," 지게차 운행 전 안전장치(경고등, 경보음, 후방카메라 등)가 작동되는지 확인하세요."
,,,,, 자재 적재 시 차량 후방이 제어되지 않아 움직이는 자재와 충돌할 위험이 있습니다.,자재를 싣고 내릴 때 차량 후방을 제어하고 자재를 묶기 위해 로프를 사용하는 작업을 할 때 후방 작업자를 제어합니다.
,,,,, 자재 하역 반경의 구역 설정 불량으로 인한 자재 충돌 및 수축 및 중기 전도 / 가이드 역할 부족.," 자재 하역 시 4방향 통제구역/지정복장, 응원봉이나 휘파람을 이용한 시청각 통제, 철저한 신호등이 있습니다."
