"number"," Construction industry_by construction type_type of construction"," Construction industry_by type of work_name of work type"," Construction industry_Detailed process name by type of work"
"1"," apartment"," Basic file work"," Bringing in basic file materials and equipment"
"2"," apartment"," Basic file work"," Foundation pile drilling"
"3"," apartment"," Basic file work"," Basic pile driving"
"4"," apartment"," Basic file work"," Basic file tofu cleanup"
"5"," apartment"," Excavation work"," Bringing in excavation equipment"
"6"," apartment"," Excavation work"," excavation"
"7"," apartment"," Excavation work"," Excavation soil removal"
"8"," apartment"," Blasting work"," blasting drilling"
"9"," apartment"," Blasting work"," blasting charge"
"10"," apartment"," Blasting work"," blasting"
"11"," apartment"," Blasting work"," Blasting arm treatment"
"12"," apartment"," Blasting work"," Blasting powder keg management"
"13"," apartment"," Soil retaining beam work"," Bringing in earth retaining materials"
"14"," apartment"," Soil retaining beam work"," Earth retaining borehole installation"
"15"," apartment"," Soil retaining beam work"," Demolition of earthen retaining structures"
"16"," apartment"," Soil retaining beam work"," Carrying out earth retaining materials"
"17"," apartment"," Backfilling work"," Soil loading and backfilling"
"18"," apartment"," Backfilling work"," Backfill soil compaction"
"19"," apartment"," formwork"," Bringing in formwork materials"
"20"," apartment"," formwork"," Assembling the formwork"
"21"," apartment"," formwork"," Dismantling of formwork"
"22"," apartment"," formwork"," Lifting of formwork"
"23"," apartment"," gang form work"," Bringing in gang foam materials"
"24"," apartment"," gang form work"," Gangform Assembly"
"25"," apartment"," gang form work"," Gang form lifting and installation"
"26"," apartment"," gang form work","Gang form disassembly and removal"
"27"," apartment"," rebar work"," Bringing in rebar"
"28"," apartment"," rebar work"," Rebar processing and transportation"
"29"," apartment"," rebar work"," Rebar Assembly"
"30"," apartment"," concrete work"," Concrete brought in"
"31"," apartment"," concrete work"," Concrete pouring"
"32"," apartment"," concrete work"," concrete curing"
"33"," apartment"," steel work"," Bringing in steel frame members"
"34"," apartment"," steel work"," steel structure salvage"
"35"," apartment"," steel work"," Steel Deck Plate Installation"
"36"," apartment"," masonry"," Plastering and inspection work"
"37"," apartment"," masonry"," Plastering and inspection work"
"38"," apartment"," masonry"," Plastering and inspection work"
"39"," apartment"," waterproofing work"," Waterproof cotton finish"
"40"," apartment"," Stone and tile work"," Bringing in stone and tile materials"
"41"," apartment"," Stone and tile work"," Stone and tile gluing"
"42"," apartment"," Stone and tile work"," Stone and tile grout"
"43"," apartment"," painting work"," Paint surface treatment"
"44"," apartment"," painting work"," indoor painting"
"45"," apartment"," painting work"," outdoor painting"
"46"," apartment"," Metal and miscellaneous work"," Bringing in metal and miscellaneous materials"
"47"," apartment"," Metal and miscellaneous work"," Metal and miscellaneous metal construction"
"48"," apartment"," Window and glass work"," Bringing in window and glass materials"
"49"," apartment"," Window and glass work"," Window and glass installation"
"50"," apartment"," water storage work"," Bringing in materials to the head"
"51"," apartment"," water storage work"," Water construction (gypsum board)"
"52"," apartment"," Electrical equipment work"," Bringing in electrical equipment materials"
"53"," apartment"," Electrical equipment work"," electrical equipment wiring"
"54"," apartment"," Electrical equipment work"," Electrical equipment installation"
"55"," apartment"," Electrical equipment work"," Electrical special high voltage line"
"56"," apartment","Mechanical equipment work"," Bringing in mechanical equipment materials"
"57"," apartment","Mechanical equipment work"," Mechanical equipment installation"
"58"," apartment"," Elevator installation work"," Elevator mechanical installation"
"59"," apartment"," Elevator installation work"," Elevator hatch assembly"
"60"," apartment"," Elevator installation work"," Elevator guide rail installation"
"61"," apartment"," Manhole and pipe laying work"," Manhole and pipe laying excavation"
"62"," apartment"," Manhole and pipe laying work"," Manholes and pipe laying"
"63"," apartment"," landscaping work"," Landscaping site preparation"
"64"," apartment"," landscaping work"," Landscaping construction and installation"
"65"," apartment"," Incidental civil engineering work"," Auxiliary civil engineering retaining wall construction"
"66"," apartment"," Incidental civil engineering work"," Incidental civil engineering and on-site paving"
"67"," apartment"," Temporary road work"," Temporary road logging and topsoil removal"
"68"," apartment"," Temporary road work"," Temporary road construction"
"69"," apartment"," Obstruction survey and relocation work"," Obstacle investigation and excavation"
"70"," apartment"," Obstruction survey and relocation work"," obstacle protection"
"71"," apartment"," Obstruction survey and relocation work"," Relocation of obstacles"
"72"," apartment"," Obstruction survey and relocation work"," backfilling of obstacles"
"73"," apartment"," Grouting work"," Bringing in grouting equipment and materials"
"74"," apartment"," Grouting work"," Grouting drilling and construction"
"75"," apartment"," work environment"," Work environment (lighting)"
"76"," apartment"," work environment"," Working environment (ventilation)"
"77"," apartment"," work environment"," Working environment (dust)"
"78"," apartment"," work environment"," Working environment (drainage)"
"79"," apartment"," Safe temporary facility work"," opening"
"80"," apartment"," Safe temporary facility work"," work platform"
"81"," apartment"," Safe temporary facility work","fat"
"82"," apartment"," Safe temporary facility work"," mobile scaffolding"
"83"," apartment"," Safe temporary facility work"," moon scaffolding"
"84"," apartment"," Safe temporary facility work"," moon versus moon"
"85"," apartment"," Safe temporary facility work"," Fall prevention net"
"86"," apartment"," Safe temporary facility work"," temporary ramp"
"87"," apartment"," Safe temporary facility work"," Temporary passage or stairs"
"88"," apartment"," Safe temporary facility work"," Excavation tip"
"89"," apartment"," Safe temporary facility work"," portable ladder"
"90"," apartment"," Safe temporary facility work"," Steel lifting trap"
"91"," apartment"," Safe temporary facility work"," sloping roof"
"92"," apartment"," Safe temporary facility work"," Lift entrance door"
"93"," apartment"," Safe temporary facility work"," Falling object prevention net"
"94"," apartment"," Safe temporary facility work"," protective shelf"
"95"," apartment"," Temporary electrical work"," Distribution equipment"
"96"," apartment"," Temporary electrical work"," distribution board"
"97"," apartment"," Temporary electrical work"," wire"
"98"," apartment"," Temporary electrical work"," Charging part"
"99"," apartment"," Temporary electrical work"," lights"
"100"," apartment"," Temporary electrical work"," AC arc welder"
"101"," apartment"," Temporary electrical work"," Lee Dong-seok Electric Machinery"
"102"," apartment"," Temporary electrical work"," ground connection"
"103"," apartment"," Lifting machine work"," tower crane"
"104"," apartment"," Lifting machine work"," lift"
"105"," apartment"," Lifting machine work"," mobile crane"
"106"," apartment"," Lifting machine work"," gondola"
"107"," apartment"," Lifting machine work"," winch"
"108"," apartment"," Lifting machine work"," special workbench"
"109"," apartment"," Working with dangerous machinery"," Round saw for wood processing"
"110"," apartment"," Working with dangerous machinery"," grinding machine"
"111"," apartment"," Working with dangerous machinery"," air compressor"
"112"," apartment"," Working with dangerous machinery"," portable generator"
"113"," apartment"," Working with dangerous machinery"," Rebar cutters and benders"
"114"," apartment"," Working with dangerous machinery"," grouting equipment"
"115"," apartment"," Working with dangerous machinery"," mortar mixer"
"116"," apartment"," Working with dangerous machinery"," hot air blower"
"117"," building"," Basic file work"," Bringing in basic file materials and equipment"
"118"," building"," Basic file work"," Foundation pile drilling"
"119"," building"," Basic file work"," Basic pile driving"
"120"," building"," Basic file work"," Basic file tofu cleanup"
"121"," building"," Excavation work"," Bringing in excavation equipment"
"122"," building"," Excavation work"," excavation"
"123"," building"," Excavation work"," Excavation soil removal"
"124"," building"," Blasting work"," blasting drilling"
"125"," building"," Blasting work"," blasting charge"
"126"," building"," Blasting work"," blasting"
"127"," building"," Blasting work"," Blasting arm treatment"
"128"," building"," Blasting work"," Blasting powder keg management"
"129"," building"," Soil retaining beam work"," Bringing in earth retaining materials"
"130"," building"," Soil retaining beam work"," Earth retaining borehole installation"
"131"," building"," Soil retaining beam work"," Demolition of earthen retaining structures"
"132"," building"," Soil retaining beam work"," Carrying out earth retaining materials"
"133"," building"," Backfilling work"," Soil loading and backfilling"
"134"," building"," Backfilling work"," Backfill soil compaction"
"135"," building"," formwork"," Bringing in formwork materials"
"136"," building"," formwork"," Assembling the formwork"
"137"," building"," formwork"," Dismantling of formwork"
"138"," building"," formwork"," Lifting of formwork"
"139"," building"," rebar work"," Bringing in rebar"
"140"," building"," rebar work"," Rebar processing and transportation"
"141"," building"," rebar work"," Rebar Assembly"
"142"," building"," concrete work"," Concrete brought in"
"143"," building"," concrete work"," Concrete pouring"
"144"," building"," concrete work"," concrete curing"
"145"," building"," steel work"," Bringing in steel frame members"
"146"," building"," steel work"," steel structure salvage"
"147"," building"," steel work"," Steel Deck Plate Installation"
"148"," building"," masonry"," Plastering and inspection work"
"149"," building"," masonry"," Plastering and inspection work"
"150"," building"," masonry"," Plastering and inspection work"
"151"," building"," waterproofing work"," Waterproof cotton finish"
"152"," building"," Stone and tile work"," Bringing in stone and tile materials"
"153"," building"," Stone and tile work"," Stone and tile gluing"
"154"," building"," Stone and tile work"," Stone and tile grout"
"155"," building"," painting work"," Paint surface treatment"
"156"," building"," painting work"," indoor painting"
"157"," building"," painting work"," outdoor painting"
"158"," building"," Metal and miscellaneous work"," Bringing in metal and miscellaneous materials"
"159"," building"," Metal and miscellaneous work"," Metal and miscellaneous metal construction"
"160"," building"," Window and glass work"," Bringing in window and glass materials"
"161"," building"," Window and glass work"," Window and glass installation"
"162"," building"," water storage work"," Bringing in materials to the head"
"163"," building"," water storage work"," Water construction (gypsum board)"
"164"," building"," External finishing work such as panels"," Bringing in exterior finishing materials such as panels"
"165"," building"," External finishing work such as panels"," Exterior finishing construction such as panels"
"166"," building"," Electrical equipment work"," Bringing in electrical equipment materials"
"167"," building"," Electrical equipment work"," electrical equipment wiring"
"168"," building"," Electrical equipment work"," Electrical equipment installation"
"169"," building"," Electrical equipment work"," Electrical special high voltage line"
"170"," building","Mechanical equipment work"," Bringing in mechanical equipment materials"
"171"," building","Mechanical equipment work"," Mechanical equipment installation"
"172"," building"," Elevator installation work"," Elevator mechanical installation"
"173"," building"," Elevator installation work"," Elevator hatch assembly"
"174"," building"," Elevator installation work"," Elevator guide rail installation"
"175"," building"," Manhole and pipe laying work"," Manhole and pipe laying excavation"
"176"," building"," Manhole and pipe laying work"," Manholes and pipe laying"
"177"," building"," landscaping work"," Landscaping site preparation"
"178"," building"," landscaping work"," Landscaping construction and installation"
"179"," building"," Incidental civil engineering work"," Auxiliary civil engineering retaining wall construction"
"180"," building"," Incidental civil engineering work"," Incidental civil engineering and on-site paving"
"181"," building"," Obstruction survey and relocation work"," Obstacle investigation and excavation"
"182"," building"," Obstruction survey and relocation work"," obstacle protection"
"183"," building"," Obstruction survey and relocation work"," Relocation of obstacles"
"184"," building"," Obstruction survey and relocation work"," backfilling of obstacles"
"185"," building"," Grouting work"," Bringing in grouting equipment and materials"
"186"," building"," Grouting work"," Grouting drilling and construction"
"187"," building"," work environment"," Work environment (lighting)"
"188"," building"," work environment"," Working environment (ventilation)"
"189"," building"," work environment"," Working environment (dust)"
"190"," building"," work environment"," Working environment (drainage)"
"191"," building"," Safe temporary facility work"," opening"
"192"," building"," Safe temporary facility work"," work platform"
"193"," building"," Safe temporary facility work","fat"
"194"," building"," Safe temporary facility work"," mobile scaffolding"
"195"," building"," Safe temporary facility work"," moon scaffolding"
"196"," building"," Safe temporary facility work"," moon versus moon"
"197"," building"," Safe temporary facility work"," Fall prevention net"
"198"," building"," Safe temporary facility work"," temporary ramp"
"199"," building"," Safe temporary facility work"," Temporary passage or stairs"
"200"," building"," Safe temporary facility work"," Excavation tip"
"201"," building"," Safe temporary facility work"," portable ladder"
"202"," building"," Safe temporary facility work"," Steel lifting trap"
"203"," building"," Safe temporary facility work"," sloping roof"
"204"," building"," Safe temporary facility work"," Lift entrance door"
"205"," building"," Safe temporary facility work"," Falling object prevention net"
"206"," building"," Safe temporary facility work"," protective shelf"
"207"," building"," Temporary electrical work"," Distribution equipment"
"208"," building"," Temporary electrical work"," distribution board"
"209"," building"," Temporary electrical work"," wire"
"210"," building"," Temporary electrical work"," Charging part"
"211"," building"," Temporary electrical work"," lights"
"212"," building"," Temporary electrical work"," AC arc welder"
"213"," building"," Temporary electrical work"," Lee Dong-seok Electric Machinery"
"214"," building"," Temporary electrical work"," ground connection"
"215"," building"," Lifting machine work"," tower crane"
"216"," building"," Lifting machine work"," lift"
"217"," building"," Lifting machine work"," mobile crane"
"218"," building"," Lifting machine work"," gondola"
"219"," building"," Lifting machine work"," winch"
"220"," building"," Lifting machine work"," special workbench"
"221"," building"," Working with dangerous machinery"," Round saw for wood processing"
"222"," building"," Working with dangerous machinery"," grinding machine"
"223"," building"," Working with dangerous machinery"," air compressor"
"224"," building"," Working with dangerous machinery"," portable generator"
"225"," building"," Working with dangerous machinery"," Rebar cutters and benders"
"226"," building"," Working with dangerous machinery"," grouting equipment"
"227"," building"," Working with dangerous machinery"," mortar mixer"
"228"," building"," Working with dangerous machinery"," hot air blower"
"229","bridges and roads"," Basic file work"," Bringing in basic file materials and equipment"
"230","bridges and roads"," Basic file work"," Foundation pile drilling"
"231","bridges and roads"," Basic file work"," Basic pile driving"
"232","bridges and roads"," Basic file work"," Basic file tofu cleanup"
"233","bridges and roads"," Excavation work"," Bringing in excavation equipment"
"234","bridges and roads"," Excavation work"," excavation"
"235","bridges and roads"," Excavation work"," Excavation soil removal"
"236","bridges and roads"," Blasting work"," blasting drilling"
"237","bridges and roads"," Blasting work"," blasting charge"
"238","bridges and roads"," Blasting work"," blasting"
"239","bridges and roads"," Blasting work"," Blasting arm treatment"
"240","bridges and roads"," Blasting work"," Blasting powder keg management"
"241","bridges and roads"," Soil retaining beam work"," Bringing in earth retaining materials"
"242","bridges and roads"," Soil retaining beam work"," Earth retaining borehole installation"
"243","bridges and roads"," Soil retaining beam work"," Demolition of earthen retaining structures"
"244","bridges and roads"," Soil retaining beam work"," Carrying out earth retaining materials"
"245","bridges and roads"," Backfilling work"," Soil loading and backfilling"
"246","bridges and roads"," Backfilling work"," Backfill soil compaction"
"247","bridges and roads"," formwork"," Bringing in formwork materials"
"248","bridges and roads"," formwork"," Assembling the formwork"
"249","bridges and roads"," formwork"," Dismantling of formwork"
"250","bridges and roads"," formwork"," Lifting of formwork"
"251","bridges and roads"," rebar work"," Bringing in rebar"
"252","bridges and roads"," rebar work"," Rebar processing and transportation"
"253","bridges and roads"," rebar work"," Rebar Assembly"
"254","bridges and roads"," concrete work"," Concrete brought in"
"255","bridges and roads"," concrete work"," Concrete pouring"
"256","bridges and roads"," concrete work"," concrete curing"
"257","bridges and roads"," Incidental civil engineering work"," Auxiliary civil engineering retaining wall construction"
"258","bridges and roads"," Incidental civil engineering work"," Incidental civil engineering and on-site paving"
"259","bridges and roads"," Temporary road work"," Temporary road logging and topsoil removal"
"260","bridges and roads"," Temporary road work"," Temporary road construction"
"261","bridges and roads"," Obstruction survey and relocation work"," Obstacle investigation and excavation"
"262","bridges and roads"," Obstruction survey and relocation work"," obstacle protection"
"263","bridges and roads"," Obstruction survey and relocation work"," Relocation of obstacles"
"264","bridges and roads"," Obstruction survey and relocation work"," backfilling of obstacles"
"265","bridges and roads"," Manufacturing site installation work"," Production site site preparation"
"266","bridges and roads"," Manufacturing site installation work"," Fabrication shop installation"
"267","bridges and roads"," slip form work"," Slip form (sliding form) production"
"268","bridges and roads"," slip form work"," Slip form (sliding form) lifting"
"269","bridges and roads"," slip form work"," Disassembly of slip form (sliding form)"
"270","bridges and roads"," Caisson work"," Caisson fabrication"
"271","bridges and roads"," Caisson work"," Caisson transportation and installation"
"272","bridges and roads"," Caisson work"," Caisson's inner body"
"273","bridges and roads"," Steel bridge installation work"," Bringing in steel bridge members"
"274","bridges and roads"," Steel bridge installation work"," Transportation of steel bridge members"
"275","bridges and roads"," Steel bridge installation work"," Steel bridge member assembly"
"276","bridges and roads"," Steel bridge installation work"," Steel bridge slab construction"
"277","bridges and roads"," PSC bridge work"," PSC bridge girder fabrication"
"278","bridges and roads"," PSC bridge work"," Lifting and loading of PSC bridge girders"
"279","bridges and roads"," PSC bridge work"," PSC bridge girder transport"
"280","bridges and roads"," PSC bridge work"," Lifting and mounting of PSC bridge girders"
"281","bridges and roads"," PSC bridge work"," PSC Bridge Cross Beam Installation"
"282","bridges and roads"," PSC bridge work"," PSC bridge slab construction"
"283","bridges and roads"," Packaging work"," Bring in packaging equipment"
"284","bridges and roads"," Packaging work"," Packaging construction"
"285","bridges and roads"," Laying and compaction work"," laying and compaction"
"286","bridges and roads"," Special bridge work"," Special bridge (FCM method)"
"287","bridges and roads"," Special bridge work"," Special bridge (MSS method)"
"288","bridges and roads"," Special bridge work"," Special bridge (ILM method)"
"289","bridges and roads"," Special bridge work"," Special bridge (cable-stayed bridge)"
"290","bridges and roads"," Special bridge work"," Special bridge (suspension bridge)"
"291","bridges and roads","Partial segmentation work"," Bring in water blocking equipment"
"292","bridges and roads","Partial segmentation work"," Garchae (water blocking) earth retaining construction"
"293","bridges and roads"," Temporary plant work"," Temporary Plant (Concrete Batch Plant)"
"294","bridges and roads"," Temporary plant work"," Temporary plant (shotcrete)"
"295","bridges and roads"," Temporary plant work"," Temporary plant (Krasha Plant)"
"296","bridges and roads"," work environment"," Work environment (lighting)"
"297","bridges and roads"," work environment"," Working environment (ventilation)"
"298","bridges and roads"," work environment"," Working environment (dust)"
"299","bridges and roads"," work environment"," Working environment (drainage)"
"300","bridges and roads"," Safe temporary facility work"," opening"
"301","bridges and roads"," Safe temporary facility work"," work platform"
"302","bridges and roads"," Safe temporary facility work","fat"
"303","bridges and roads"," Safe temporary facility work"," mobile scaffolding"
"304","bridges and roads"," Safe temporary facility work"," moon scaffolding"
"305","bridges and roads"," Safe temporary facility work"," moon versus moon"
"306","bridges and roads"," Safe temporary facility work"," Fall prevention net"
"307","bridges and roads"," Safe temporary facility work"," temporary ramp"
"308","bridges and roads"," Safe temporary facility work"," Temporary passage or stairs"
"309","bridges and roads"," Safe temporary facility work"," Excavation tip"
"310","bridges and roads"," Safe temporary facility work"," portable ladder"
"311","bridges and roads"," Safe temporary facility work"," Steel lifting trap"
"312","bridges and roads"," Safe temporary facility work"," sloping roof"
"313","bridges and roads"," Safe temporary facility work"," Lift entrance door"
"314","bridges and roads"," Safe temporary facility work"," Falling object prevention net"
"315","bridges and roads"," Safe temporary facility work"," protective shelf"
"316","bridges and roads"," Temporary electrical work"," Distribution equipment"
"317","bridges and roads"," Temporary electrical work"," distribution board"
"318","bridges and roads"," Temporary electrical work"," wire"
"319","bridges and roads"," Temporary electrical work"," Charging part"
"320","bridges and roads"," Temporary electrical work"," lights"
"321","bridges and roads"," Temporary electrical work"," AC arc welder"
"322","bridges and roads"," Temporary electrical work"," Lee Dong-seok Electric Machinery"
"323","bridges and roads"," Temporary electrical work"," ground connection"
"324","bridges and roads"," Lifting machine work"," tower crane"
"325","bridges and roads"," Lifting machine work"," lift"
"326","bridges and roads"," Lifting machine work"," mobile crane"
"327","bridges and roads"," Lifting machine work"," gondola"
"328","bridges and roads"," Lifting machine work"," winch"
"329","bridges and roads"," Lifting machine work"," special workbench"
"330","bridges and roads"," Working with dangerous machinery"," Round saw for wood processing"
"331","bridges and roads"," Working with dangerous machinery"," grinding machine"
"332","bridges and roads"," Working with dangerous machinery"," air compressor"
"333","bridges and roads"," Working with dangerous machinery"," portable generator"
"334","bridges and roads"," Working with dangerous machinery"," Rebar cutters and benders"
"335","bridges and roads"," Working with dangerous machinery"," grouting equipment"
"336","bridges and roads"," Working with dangerous machinery"," mortar mixer"
"337","bridges and roads"," Working with dangerous machinery"," hot air blower"
"338"," tunnel"," Excavation work"," Bringing in excavation equipment"
"339"," tunnel"," Excavation work"," excavation"
"340"," tunnel"," Excavation work"," Excavation soil removal"
"341"," tunnel"," Blasting work"," blasting drilling"
"342"," tunnel"," Blasting work"," blasting charge"
"343"," tunnel"," Blasting work"," blasting"
"344"," tunnel"," Blasting work"," Blasting arm treatment"
"345"," tunnel"," Blasting work"," Blasting powder keg management"
"346"," tunnel"," Lining form work"," Bringing in lining form materials"
"347"," tunnel"," Lining form work"," Lining formwork installation"
"348"," tunnel"," Lining form work"," Disassembly of lining formwork"
"349"," tunnel"," rebar work"," Bringing in rebar"
"350"," tunnel"," rebar work"," Rebar processing and transportation"
"351"," tunnel"," rebar work"," Rebar Assembly"
"352"," tunnel"," concrete work"," Concrete brought in"
"353"," tunnel"," concrete work"," Concrete pouring"
"354"," tunnel"," concrete work"," concrete curing"
"355"," tunnel"," Incidental civil engineering work"," Auxiliary civil engineering retaining wall construction"
"356"," tunnel"," Incidental civil engineering work"," Incidental civil engineering and on-site paving"
"357"," tunnel"," Temporary road work"," Temporary road logging and topsoil removal"
"358"," tunnel"," Temporary road work"," Temporary road construction"
"359"," tunnel"," vertical sphere work"," Vertical reinforcement"
"360"," tunnel"," vertical sphere work"," vertical pit excavation"
"361"," tunnel"," vertical sphere work"," Vertical tunnel soil removal"
"362"," tunnel"," vertical sphere work"," Vertical tunnel earth retaining reinforcement construction"
"363"," tunnel"," Shaft work"," Logging of shaft and removal of topsoil"
"364"," tunnel"," Shaft work"," Shaft reinforcement"
"365"," tunnel"," tunnel excavation work"," tunnel drilling"
"366"," tunnel"," tunnel excavation work"," tunnel charge"
"367"," tunnel"," tunnel excavation work"," tunnel blasting"
"368"," tunnel"," tunnel excavation work"," Tunnel trash handling"
"369"," tunnel"," Tunnel reinforcement work"," tunnel girder"
"370"," tunnel"," Tunnel reinforcement work"," tunnel shotcrete"
"371"," tunnel"," Tunnel reinforcement work"," tunnel rock bolt"
"372"," tunnel"," Tunnel reinforcement work"," Tunnel special reinforcement"
"373"," tunnel"," Tunnel waterproofing work"," Tunnel waterproofing sheet installation"
"374"," tunnel"," Tunnel drainage work"," tunnel drainage"
"375"," tunnel"," Special tunnel work"," Special tunnel (TBM method)"
"376"," tunnel"," Special tunnel work","특수터널 (Shield 공법)"
"377"," tunnel"," Grouting work"," Bringing in grouting equipment and materials"
"378"," tunnel"," Grouting work"," Grouting drilling and construction"
"379"," tunnel"," Temporary plant work"," Temporary Plant (Concrete Batch Plant)"
"380"," tunnel"," Temporary plant work"," Temporary plant (shotcrete)"
"381"," tunnel"," Temporary plant work"," Temporary plant (Krasha Plant)"
"382"," tunnel"," work environment"," Work environment (lighting)"
"383"," tunnel"," work environment"," Working environment (ventilation)"
"384"," tunnel"," work environment"," Working environment (dust)"
"385"," tunnel"," work environment"," Working environment (drainage)"
"386"," tunnel"," Safe temporary facility work"," opening"
"387"," tunnel"," Safe temporary facility work"," work platform"
"388"," tunnel"," Safe temporary facility work","fat"
"389"," tunnel"," Safe temporary facility work"," mobile scaffolding"
"390"," tunnel"," Safe temporary facility work"," moon scaffolding"
"391"," tunnel"," Safe temporary facility work"," moon versus moon"
"392"," tunnel"," Safe temporary facility work"," Fall prevention net"
"393"," tunnel"," Safe temporary facility work"," temporary ramp"
"394"," tunnel"," Safe temporary facility work"," Temporary passage or stairs"
"395"," tunnel"," Safe temporary facility work"," Excavation tip"
"396"," tunnel"," Safe temporary facility work"," portable ladder"
"397"," tunnel"," Safe temporary facility work"," Steel lifting trap"
"398"," tunnel"," Safe temporary facility work"," sloping roof"
"399"," tunnel"," Safe temporary facility work"," Lift entrance door"
"400"," tunnel"," Safe temporary facility work"," Falling object prevention net"
"401"," tunnel"," Safe temporary facility work"," protective shelf"
"402"," tunnel"," Temporary electrical work"," Distribution equipment"
"403"," tunnel"," Temporary electrical work"," distribution board"
"404"," tunnel"," Temporary electrical work"," wire"
"405"," tunnel"," Temporary electrical work"," Charging part"
"406"," tunnel"," Temporary electrical work"," lights"
"407"," tunnel"," Temporary electrical work"," AC arc welder"
"408"," tunnel"," Temporary electrical work"," Lee Dong-seok Electric Machinery"
"409"," tunnel"," Temporary electrical work"," ground connection"
"410"," tunnel"," Lifting machine work"," tower crane"
"411"," tunnel"," Lifting machine work"," lift"
"412"," tunnel"," Lifting machine work"," mobile crane"
"413"," tunnel"," Lifting machine work"," gondola"
"414"," tunnel"," Lifting machine work"," winch"
"415"," tunnel"," Lifting machine work"," special workbench"
"416"," tunnel"," Working with dangerous machinery"," Round saw for wood processing"
"417"," tunnel"," Working with dangerous machinery"," grinding machine"
"418"," tunnel"," Working with dangerous machinery"," air compressor"
"419"," tunnel"," Working with dangerous machinery"," portable generator"
"420"," tunnel"," Working with dangerous machinery"," Rebar cutters and benders"
"421"," tunnel"," Working with dangerous machinery"," grouting equipment"
"422"," tunnel"," Working with dangerous machinery"," mortar mixer"
"423"," tunnel"," Working with dangerous machinery"," hot air blower"
"424","subway"," Basic file work"," Bringing in basic file materials and equipment"
"425","subway"," Basic file work"," Foundation pile drilling"
"426","subway"," Basic file work"," Basic pile driving"
"427","subway"," Basic file work"," Basic file tofu cleanup"
"428","subway"," Excavation work"," Bringing in excavation equipment"
"429","subway"," Excavation work"," excavation"
"430","subway"," Excavation work"," Excavation soil removal"
"431","subway"," Blasting work"," blasting drilling"
"432","subway"," Blasting work"," blasting charge"
"433","subway"," Blasting work"," blasting"
"434","subway"," Blasting work"," Blasting arm treatment"
"435","subway"," Blasting work"," Blasting powder keg management"
"436","subway"," Soil retaining beam work"," Bringing in earth retaining materials"
"437","subway"," Soil retaining beam work"," Earth retaining borehole installation"
"438","subway"," Soil retaining beam work"," Demolition of earthen retaining structures"
"439","subway"," Soil retaining beam work"," Carrying out earth retaining materials"
"440","subway"," Backfilling work"," Soil loading and backfilling"
"441","subway"," Backfilling work"," Backfill soil compaction"
"442","subway"," formwork"," Bringing in formwork materials"
"443","subway"," formwork"," Assembling the formwork"
"444","subway"," formwork"," Dismantling of formwork"
"445","subway"," formwork"," Lifting of formwork"
"446","subway"," Lining form work"," Bringing in lining form materials"
"447","subway"," Lining form work"," Lining formwork installation"
"448","subway"," Lining form work"," Disassembly of lining formwork"
"449","subway"," rebar work"," Bringing in rebar"
"450","subway"," rebar work"," Rebar processing and transportation"
"451","subway"," rebar work"," Rebar Assembly"
"452","subway"," concrete work"," Concrete brought in"
"453","subway"," concrete work"," Concrete pouring"
"454","subway"," concrete work"," concrete curing"
"455","subway"," masonry"," Plastering and inspection work"
"456","subway"," masonry"," Plastering and inspection work"
"457","subway"," masonry"," Plastering and inspection work"
"458","subway"," waterproofing work"," Waterproof cotton finish"
"459","subway"," Stone and tile work"," Bringing in stone and tile materials"
"460","subway"," Stone and tile work"," Stone and tile gluing"
"461","subway"," Stone and tile work"," Stone and tile grout"
"462","subway"," painting work"," Paint surface treatment"
"463","subway"," painting work"," indoor painting"
"464","subway"," painting work"," outdoor painting"
"465","subway"," Metal and miscellaneous work"," Bringing in metal and miscellaneous materials"
"466","subway"," Metal and miscellaneous work"," Metal and miscellaneous metal construction"
"467","subway"," Window and glass work"," Bringing in window and glass materials"
"468","subway"," Window and glass work"," Window and glass installation"
"469","subway"," External finishing work such as panels"," Bringing in exterior finishing materials such as panels"
"470","subway"," External finishing work such as panels"," Exterior finishing construction such as panels"
"471","subway"," Electrical equipment work"," Bringing in electrical equipment materials"
"472","subway"," Electrical equipment work"," electrical equipment wiring"
"473","subway"," Electrical equipment work"," Electrical equipment installation"
"474","subway"," Electrical equipment work"," Electrical special high voltage line"
"475","subway","Mechanical equipment work"," Bringing in mechanical equipment materials"
"476","subway","Mechanical equipment work"," Mechanical equipment installation"
"477","subway"," Elevator installation work"," Elevator mechanical installation"
"478","subway"," Elevator installation work"," Elevator hatch assembly"
"479","subway"," Elevator installation work"," Elevator guide rail installation"
"480","subway"," Manhole and pipe laying work"," Manhole and pipe laying excavation"
"481","subway"," Manhole and pipe laying work"," Manholes and pipe laying"
"482","subway"," landscaping work"," Landscaping site preparation"
"483","subway"," landscaping work"," Landscaping construction and installation"
"484","subway"," Incidental civil engineering work"," Auxiliary civil engineering retaining wall construction"
"485","subway"," Incidental civil engineering work"," Incidental civil engineering and on-site paving"
"486","subway"," Obstruction survey and relocation work"," Obstacle investigation and excavation"
"487","subway"," Obstruction survey and relocation work"," obstacle protection"
"488","subway"," Obstruction survey and relocation work"," Relocation of obstacles"
"489","subway"," Obstruction survey and relocation work"," backfilling of obstacles"
"490","subway"," vertical sphere work"," Vertical reinforcement"
"491","subway"," vertical sphere work"," vertical pit excavation"
"492","subway"," vertical sphere work"," Vertical tunnel soil removal"
"493","subway"," vertical sphere work"," Vertical tunnel earth retaining reinforcement construction"
"494","subway"," tunnel excavation work"," tunnel drilling"
"495","subway"," tunnel excavation work"," tunnel charge"
"496","subway"," tunnel excavation work"," tunnel blasting"
"497","subway"," tunnel excavation work"," Tunnel trash handling"
"498","subway"," Tunnel reinforcement work"," tunnel girder"
"499","subway"," Tunnel reinforcement work"," tunnel shotcrete"
"500","subway"," Tunnel reinforcement work"," tunnel rock bolt"
"501","subway"," Tunnel reinforcement work"," Tunnel special reinforcement"
"502","subway"," Tunnel waterproofing work"," Tunnel waterproofing sheet installation"
"503","subway"," Tunnel drainage work"," tunnel drainage"
"504","subway"," Special tunnel work"," Special tunnel (TBM method)"
"505","subway"," Special tunnel work","특수터널 (Shield 공법)"
"506","subway"," Temporary plant work"," Temporary Plant (Concrete Batch Plant)"
"507","subway"," Temporary plant work"," Temporary plant (shotcrete)"
"508","subway"," Temporary plant work"," Temporary plant (Krasha Plant)"
"509","subway"," work environment"," Work environment (lighting)"
"510","subway"," work environment"," Working environment (ventilation)"
"511","subway"," work environment"," Working environment (dust)"
"512","subway"," work environment"," Working environment (drainage)"
"513","subway"," Safe temporary facility work"," opening"
"514","subway"," Safe temporary facility work"," work platform"
"515","subway"," Safe temporary facility work","fat"
"516","subway"," Safe temporary facility work"," mobile scaffolding"
"517","subway"," Safe temporary facility work"," moon scaffolding"
"518","subway"," Safe temporary facility work"," moon versus moon"
"519","subway"," Safe temporary facility work"," Fall prevention net"
"520","subway"," Safe temporary facility work"," temporary ramp"
"521","subway"," Safe temporary facility work"," Temporary passage or stairs"
"522","subway"," Safe temporary facility work"," Excavation tip"
"523","subway"," Safe temporary facility work"," portable ladder"
"524","subway"," Safe temporary facility work"," Steel lifting trap"
"525","subway"," Safe temporary facility work"," sloping roof"
"526","subway"," Safe temporary facility work"," Lift entrance door"
"527","subway"," Safe temporary facility work"," Falling object prevention net"
"528","subway"," Safe temporary facility work"," protective shelf"
"529","subway"," Temporary electrical work"," Distribution equipment"
"530","subway"," Temporary electrical work"," distribution board"
"531","subway"," Temporary electrical work"," wire"
"532","subway"," Temporary electrical work"," Charging part"
"533","subway"," Temporary electrical work"," lights"
"534","subway"," Temporary electrical work"," AC arc welder"
"535","subway"," Temporary electrical work"," Lee Dong-seok Electric Machinery"
"536","subway"," Temporary electrical work"," ground connection"
"537","subway"," Lifting machine work"," tower crane"
"538","subway"," Lifting machine work"," lift"
"539","subway"," Lifting machine work"," mobile crane"
"540","subway"," Lifting machine work"," gondola"
"541","subway"," Lifting machine work"," winch"
"542","subway"," Lifting machine work"," special workbench"
"543","subway"," Working with dangerous machinery"," Round saw for wood processing"
"544","subway"," Working with dangerous machinery"," grinding machine"
"545","subway"," Working with dangerous machinery"," air compressor"
"546","subway"," Working with dangerous machinery"," portable generator"
"547","subway"," Working with dangerous machinery"," Rebar cutters and benders"
"548","subway"," Working with dangerous machinery"," grouting equipment"
"549","subway"," Working with dangerous machinery"," mortar mixer"
"550","subway"," Working with dangerous machinery"," hot air blower"
"551","dam"," Excavation work"," Bringing in excavation equipment"
"552","dam"," Excavation work"," excavation"
"553","dam"," Excavation work"," Excavation soil removal"
"554","dam"," Blasting work"," blasting drilling"
"555","dam"," Blasting work"," blasting charge"
"556","dam"," Blasting work"," blasting"
"557","dam"," Blasting work"," Blasting arm treatment"
"558","dam"," Blasting work"," Blasting powder keg management"
"559","dam"," Backfilling work"," Soil loading and backfilling"
"560","dam"," Backfilling work"," Backfill soil compaction"
"561","dam"," formwork"," Bringing in formwork materials"
"562","dam"," formwork"," Assembling the formwork"
"563","dam"," formwork"," Dismantling of formwork"
"564","dam"," formwork"," Lifting of formwork"
"565","dam"," rebar work"," Bringing in rebar"
"566","dam"," rebar work"," Rebar processing and transportation"
"567","dam"," rebar work"," Rebar Assembly"
"568","dam"," concrete work"," Concrete brought in"
"569","dam"," concrete work"," Concrete pouring"
"570","dam"," concrete work"," concrete curing"
"571","dam","Mechanical equipment work"," Bringing in mechanical equipment materials"
"572","dam","Mechanical equipment work"," Mechanical equipment installation"
"573","dam"," landscaping work"," Landscaping site preparation"
"574","dam"," landscaping work"," Landscaping construction and installation"
"575","dam"," Incidental civil engineering work"," Auxiliary civil engineering retaining wall construction"
"576","dam"," Incidental civil engineering work"," Incidental civil engineering and on-site paving"
"577","dam"," Temporary road work"," Temporary road logging and topsoil removal"
"578","dam"," Temporary road work"," Temporary road construction"
"579","dam","Partial segmentation work"," Bring in water blocking equipment"
"580","dam","Partial segmentation work"," Garchae (water blocking) earth retaining construction"
"581","dam","특수댐작업","특수댐(양수발전용 댐)"
"582","dam"," Temporary plant work"," Temporary Plant (Concrete Batch Plant)"
"583","dam"," Temporary plant work"," Temporary plant (shotcrete)"
"584","dam"," Temporary plant work"," Temporary plant (Krasha Plant)"
"585","dam"," work environment"," Work environment (lighting)"
"586","dam"," work environment"," Working environment (ventilation)"
"587","dam"," work environment"," Working environment (dust)"
"588","dam"," work environment"," Working environment (drainage)"
"589","dam"," Safe temporary facility work"," opening"
"590","dam"," Safe temporary facility work"," work platform"
"591","dam"," Safe temporary facility work","fat"
"592","dam"," Safe temporary facility work"," mobile scaffolding"
"593","dam"," Safe temporary facility work"," moon scaffolding"
"594","dam"," Safe temporary facility work"," moon versus moon"
"595","dam"," Safe temporary facility work"," Fall prevention net"
"596","dam"," Safe temporary facility work"," temporary ramp"
"597","dam"," Safe temporary facility work"," Temporary passage or stairs"
"598","dam"," Safe temporary facility work"," Excavation tip"
"599","dam"," Safe temporary facility work"," portable ladder"
"600","dam"," Safe temporary facility work"," Steel lifting trap"
"601","dam"," Safe temporary facility work"," sloping roof"
"602","dam"," Safe temporary facility work"," Lift entrance door"
"603","dam"," Safe temporary facility work"," Falling object prevention net"
"604","dam"," Safe temporary facility work"," protective shelf"
"605","dam"," Temporary electrical work"," Distribution equipment"
"606","dam"," Temporary electrical work"," distribution board"
"607","dam"," Temporary electrical work"," wire"
"608","dam"," Temporary electrical work"," Charging part"
"609","dam"," Temporary electrical work"," lights"
"610","dam"," Temporary electrical work"," AC arc welder"
"611","dam"," Temporary electrical work"," Lee Dong-seok Electric Machinery"
"612","dam"," Temporary electrical work"," ground connection"
"613","dam"," Lifting machine work"," tower crane"
"614","dam"," Lifting machine work"," lift"
"615","dam"," Lifting machine work"," mobile crane"
"616","dam"," Lifting machine work"," gondola"
"617","dam"," Lifting machine work"," winch"
"618","dam"," Lifting machine work"," special workbench"
"619","dam"," Working with dangerous machinery"," Round saw for wood processing"
"620","dam"," Working with dangerous machinery"," grinding machine"
"621","dam"," Working with dangerous machinery"," air compressor"
"622","dam"," Working with dangerous machinery"," portable generator"
"623","dam"," Working with dangerous machinery"," Rebar cutters and benders"
"624","dam"," Working with dangerous machinery"," grouting equipment"
"625","dam"," Working with dangerous machinery"," mortar mixer"
"626","dam"," Working with dangerous machinery"," hot air blower"
